SequenceName	sequence	frac_gaps	dbscan_label
UPI0004DB2194	MKDRKILNEILSNTINELNLNDKKANIKIKIKPLKWKIASISLTNKTIYINKNILPYLSDEEIRFILAHELLHLKYGKYHINEFEEELLFLFPNKEAILINLINKLHQKK	0.0	0
F6BCT9	MKDRKMLNEILSDTINELNLNDKKTNIKIKIKPLKRKIASISLTNKTIYINKNILPYLSDEEIKFILAHELLHLKYGKYHINEFEEELLFLFPNKEAILTNLINKLHQK-	0.00909090909090909	0
A0A432QXF5	----KEVTPILEELKERTGVEGV---VKVKFKPFKKKIASVSLTNRVIYLNSRVVSKLTRKELEFLIAHELLHLKHGLFHSEEFEKELKNLFESKEELEIGILRKF----	0.1	1
A0A5C0SNY0	-----MLEELLERAKELLECRRP---VKVKVRPLKTSVARISFKYGTITLDPSVLE-LEEEEILYVLVHELAHLKATTYHSSAFWKEMERAFPKAKELEDRVMMKLHGK-	0.09090909090909091	2
A0A662PW03	----KQLRELLKELKNELEINEK---IRLILRPMKTKAASISLKNGTIRLNKNLIPKLDPESIKYLLLHELIHYKKSVNHNGNFQKQL---NSKMEETKI---RKIENK-	0.12727272727272726	3
W0I933	-----MLEELLERARELLDC---QRDVKVKVRPLKTSIARVSFRYGTITLDPSVLK-LEEEEILYVLVHELAHLKATTYHSSAFWMEVEKAFPREKELEDNVMMKLHRK-	0.09090909090909091	2
A0A124EBP3	-----MLDELLQQAKDLLGCQRQ---VRVKVRPLKTSIARVSFKYGTITVDPSVLE-LDEEEILYVLVHELAHLKATTYHSSAFWEEVGKVFPNKRELEDSIMTKLHR--	0.1	2
A0A218P3C8	-----MLDELLERAKNLLDCQRP---VKVKVRPLKTSIARVSFRYGTITLDPSVLE-LGDEEVLYVLVHELAHLKAGTYHSSAFWMEVKRAFPEKRELEDNIMVKLQG--	0.1	2
A0A2T9WY67	MSYRDVIKKVLSEYSLILGI---KDNVKVKVRRYKTRAASSNITTGTIYINKDLLD-LGEDVIRYLILHELVHIKRSRYHDERFYTTLYFFMPPEEAIREAIMKRMLQ--	0.05454545454545454	4
A0A432Q6I3	------LKKLLIELKKEVGV-DK--DVKLKIVPMKEKIASLSIDTGILRLNRNVIEKLGEEELKYILLHELIHLKVNDNHGSLFMEELEKYFEKTREIEIEMIKKL----	0.11818181818181818	5
A0A7C0UPG2	----KQLRKILKELKKELEINEK---IHINLRPMKTKAASISLKNGTIRLNKNLIQKLDEESIKYLILHELIHYKKNTYHNDNFQKQINSII-DRKEIERKIITKL----	0.10909090909090909	3
A0A3D6DC38	MEDKKIVYDLVEKYSKELKVKPR----KIFFRKMKTRWGSCSGRNN-ITINS-LLRFLPDELIEYIIYHEMCHI-LEKNHGKTFWRMVHQKFPDSE--------------	0.19090909090909092	10
Q57587	MKINKDIKDIVNEILISLNINES---INIEIKPMKQKIASFSFKTKTLRLNKYVVENFDEELLHYIILHELIHFKKSINHGIKFENELRNYFSKNEEIELKIIQKL----	0.06363636363636363	-1
A0A662W583	------LKNLLIELKNEIGV-DK--EVKLKIVPMKEKIASLSIDTRILRLNRNVVEKLDEEELRYILLHELIHLKVNDNHGLLFMKELEKYFEKTREIEIEIIKKL----	0.11818181818181818	5
UPI000A068A2E	-----------------MNI---KHDIKIKTRPYKRKIASISYTTKTIYINKNLINDFNEDEIKYIIAHELLHLKFGKFHTLKFNNALYEPFPNKEEIDKRILNKIK---	0.20909090909090908	-1
R7FJ44	------FKEIIEELIQKTGL---KPN-KITIKQIKYAWGSCSSKKN-ITLNLELIKY-SQQAIRYVILHELCHLKY-MNHSKDFWNLVEKYMPNYK--------------	0.24545454545454545	6
R7F7V6	---------IFPELIKQTNL---VPN-KIRIRNIKYAWGSCS-SNKNITINLKLVNK-SEEEIKYVALHELCHLKY-MNHSDKFWNLVEKYMPNYKEIR----KQLKNNR	0.18181818181818182	6
A0A6S6TJ33	----KILPDMLKNISKTLN---K--DIKLKIRKMKTRWGSCNHTKRYINLNSELIKK-PTPAIEYVILHELAHLIH-PNHSKEFYSCIESFMPDYEKLL-----------	0.2	6
A0A2L2NK31	-KDAQALKDAVGEWSDRI-----KVQVKIQLRPMKRKWASIS-TTGRLTLNTELLD-LPKELGEFVIVHELLHL-LVPNHGKLFKCFMFAYLPDWEELEIKLQKNCQQ--	0.1	7
B5IBD1	---------LLNDVKNAINLNE---NVKIKVVPMKQKIASISLRTKILRLNKNIIEKLNDEELRYIIAHELIHLKVKDNHGSLFWRELEKVFSDIVNLEIDMIKKL----	0.14545454545454545	5
A0A2Z4W813	-----ILKELTDKYANKLN----ETYVSIKIRGMKTRWGSCNPVKKYINFNLQLIEK-PISSIEYVVLHELAHLKH-PNHSKEFWNYVNFYMPDWK--------------	0.22727272727272727	6
A0A510L8X3	----KLFPKIMEKWLKIL---DEHVE-KVSIKPMKTRWGSCNYVKKYINLNTELIKR-TPFEIEYVVLHELTHLKY-PNHGKGFYNYIERYMPNYK--------------	0.21818181818181817	6
A0A6G3LNX5	-NHKDLVEKILAEYMPQLGINSE---VKVKLRNYKTRSAFCNLKTNTIYLNTVLLD-LGEEVARYLLLHELIHIKQGRYHNDEFYKLLYKFIPPEEQIIGELYNIISNAK	0.045454545454545456	8
A0A7J3XZQ4	MNYAGLVEEILKKYKEALGINDE---VRVKIKKYKTRSAFINLRTKTIFINENLLE-LGEEVLRYLILHELIHLKLNSKHDGEFNRTLYNYIPPEKEIRGLIINKL----	0.07272727272727272	8
A0A6G3LKL5	-NHKDLVEKILAEYMLQLGINSE---VKVKLRNYKTKPAFCNLKTNTIYLNTALLN-LGEEVARYLLLHELIHIKKNRYHNDEFYKLLYKYIPPEEQIIGELYNIITNAK	0.045454545454545456	8
A0A0Q6AF63	-KDRAIFEEILENLKQKFPQFDAFETI-LSHKYLKKRWGSCS-INGSILLNTELIK-ASKACIEYVVLHELCHLIH-PNHSKEFYQLLEHLFPNWEKVK----NKLEQ--	0.1	-1
O66407	MKER--VENLLKELKERLGIERE---VKIELKRFKRKLAPVSLTKRVIYINRELIPKLSDEELGYLIAHELLHLKHGIYHISEFEKELLEL--SGKDLYLSLYRK-----	0.10909090909090909	1
U2PXN6	----KLFPQFMEKWLKIL---DEHVE-KVAIKPMKTRWGSCNYVKKYINLNTELIKR-TPFEIEYVVLHELTHLKY-PNHGKGFYNYVEQYMPNYK--------------	0.21818181818181817	6
Q9V1Y2	-----MLEDLLEHAKDILGYQRP---VKVRIRPLKMSIARVSFKYGTITLDPAVLN-LEEEEMFYILIHELAHLKATSYHSSSFWREVEKVFPGEKEIEDRIMTKLQR--	0.1	2
A0A898KV43	-------------LKNAVGEWSKRINVQIQLRPMKRKWASISITTGRLTLNTELLD-LPQELGEFVIVHELVHL-LVPNHGKVFKCFISAYLPDWEERE----KKLRQ--	0.19090909090909092	7
R6N5A3	----KIVESTTKELIELTNL---KPN-NIRIRDISYAWGSCS-TNKNITISLKLIKY-SKEAIKYVILHELCHLKY-MNHSKNFWNLVEKYMPDYKEI------------	0.20909090909090908	6
D3S0T4	---RKEVIKLFKEIVKELGLEG----IRIRIVPMKRKIASFSFKTKTLRVNRRVTELLDYELVRYIILHELVHFKINDNHGKRFLKNLGNITPKK---------------	0.2	-1
A0A7C2CR29	-------EEILEKWQKEL-----KVNVKVQIRNMKNKWGSCS-TKGVLTLNKELLK-LPLRYAEYVIVHELLHMIV-PNHGWTFKTLLYAYIPNWEELHEYL--------	0.20909090909090908	7
R6I0M4	------FKQIVEELIKQTGLIPK----KITIKQIKYAWGSCSSKKN-ITINLELIKY-SEQAIRYVILHEICHLKY-MNHSQEFWNLVQKYMPEYKEI------------	0.22727272727272727	6
W8P5P6	-----MLEDVLERAKELTKYQGE---FRVKVRPLKTSIARVSFRHGTITVDPSVLN-LSEEEILYILVHELAHLKAGVYHSSLFWEVVSQVFP-KEEMEDRIILKLRKK-	0.1	2
A0A662QF28	MVDKKRLEKILNELKEKIGLEEK---IQIRFKKFKRKIASISLTKKVIYLNSLFLNLLSEEEVKYLIAHELLHLKYGIIHTPKFEKELIGLCGKDERILMKVWRELMKK-	0.03636363636363636	-1
A0A7J2VBT3	MNYAGLVEEILKKYKEELGINDE---VRVKIKKYKTRSAFINLKTKTIFINEVLL-YLGEEVVKYLIVHELIHLKLNRYHSAEFNRILYTYIPEKSEIRGVIANKL----	0.07272727272727272	8
A0A497QUB2	------LKEILNEIKQDLEISEK---IKIELKPMKTKAASISLKRSVIRINNSILPRLDKDCIKYLILHELVHYKKSKYHNSDFYKQLHQVNEEAKELERKILTIL----	0.11818181818181818	3
A0A7G9GZF3	-----IFSDICSKLSQKVGLFPK----SIKIRDMKSRWGSCNIKTKNITLNYRL--YLKPEAIEYVILHEICHLLY-PHHQKSFWDFVAKFMPDYK-IRKKILNK-----	0.16363636363636364	-1
A0A381DJH2	--------EILEKWYRELNINEKIDDIKIKIRKMKTRWGSCNASKKSINLNLELIKK-PKICIEYVIFHELAHLIH-PNHSKEFYNFLSLHMSDWEKIL-----------	0.19090909090909092	6
C7N8U2	----KLFPQFMEKWLKIL---DQ--NVKVAIKPMKTRWGSCNYVKKYITLNTELIKR-TPFEIEYVVLHELTHLKY-PNHGKGFYNYVERYMSNYK--------------	0.22727272727272727	6
A0A6H9LTG8	-KSAKLMNRFFDKAVKELGL---KRNVRFGISPDTSIPIAAGFLNPMILLPENLMEELTEDELHIVLLHELAHLKRWDDYSKLGQESLWFFHP----VVKWIVNQI----	0.10909090909090909	-1
A0A510JTN5	----KLFLQFMEKW---LEILDE--NVKVAIKPMKTRWGSCNYVKRYINLNIELIKR-TPFEIEYVILHELTHLKY-PNHGRGFYNYIERYMPNYK--------------	0.22727272727272727	6
A0A662NE65	----DEVHELVSRWAKELGVYPK----RVRFQKMKYKWASAS-SKGTLTFSVDILE-LPYEVVEYIVVHELIHIKVGPRHNRLFRALLSSYIPDWQAL------------	0.2	7
A0A8D6PWX8	-NDKTMIKNLVNEVKSSLNINET---INIEIKPMKQKIASFSFKTKTLRLNKFVVENFEKELLYYIILHELIHFKKSTNHNLAFENELKKHFSEEYEIELKIIQKL----	0.07272727272727272	-1
A0A382S8N2	---RKILNQRLSELAAE---NDFEYN-RVFIRSQKTRWGSCSSKNN-INLNMNLLH-LPSELVDYVLLHELTHTKVKD-HSPNFWDELETVCPDAK--------------	0.21818181818181817	9
A0A7J9RZV9	-KSKEKLFEIFENYSKVTN------NIPFAVRKMKKRWGSCNFEKNKIILNEKLIEK-PKYCIEYVVFHELAHLKH-PNHSREFYNYLTYLMPDWE--------------	0.20909090909090908	6
A0A2E8XC88	---------ILEEKAKKMNLYPK----KVKVRSYKNRWGSCAY-NGDISXNWKLIM-LPEKIIDYVIVHELCHLIH-FNHSKDFWREVIKILPNYEWLRSNLYN------	0.2	-1
A0A5C8GFW5	----KLFEELIKKYSSLMNLNT---NITFTIKKLKSKWGSCDIAKKHILLNLELMKY-PIRTIEYIILHELTHLLY-PNHSKDFYNTISLYMPEWKVILDNFFN------	0.13636363636363635	-1
A0A3P1VYX6	----KIMEKWYFECAKKLNINER---IELSIKPMKTRWGSCNYNKRYINLNTELIKR-TLFEIEYVVLHELAHLKY-PNHGKGFYNYVEKYMPDY---------------	0.21818181818181817	6
A0A1F9IV79	MSDGKIFKSIVWDWAIKLKVEPK----EIHLRPMKTKWASLSGSGR-LTFNSELLEK-RRNLINYVIVHELLHIKV-PNHGKLFKSLMLAFLPDWE--------------	0.19090909090909092	10
A0A7C3L2S7	MNYEDI-KRILEEYKNKLGIEEE---VKIKLRDYKFRSALVNLKTKTIYINKMLVM-LGEEEIRYLILHELLHIKRTKYHTEEFYKEYKFFHP---EQLIKL--------	0.14545454545454545	-1
A0A7J9PF74	-KKKKII-EKFYRKSAELELFEFKDNYKIAVRKMKKRWGSCSFHKNKIILNERLIEK-SKDCIEYVVFHELAHLRY-PNHSKDFYNYLTELMPEWKKLKLN---------	0.11818181818181818	6
A0A0X8JVD8	----KIFPKLLEKWIKILN-EDVK---KFSIKPLNKKWGFCNYIKKYVTLNVELIKH-TPFEIEYVILHELAHLKY-PNHAKGFYNYVEKYMPNYK--------------	0.21818181818181817	6
UPI00040EFB7A	------INEVFRETFKKF----KRYNIKIRARKMKRRWGSCNPYKRVITLNSELITR-DIKCIEFVMAHEIAHLVH-ANHSKDFYKVLEDIMPDWKEALGNI--------	0.18181818181818182	6
B3TC03	---RKILNQRLAELATE---HDFEYG-KVSIRKQKTRWGSCSSQNN-ISLNQNLLH-LTNDLIEYVLLHELTHTKV-KNHSPGFWDELETVCPDAKE-------------	0.20909090909090908	9
A0A7C7KES0	---RKILNQRLAELATE---HDFEY-AKVSIRKQKTRWGSCSSQNN-ISLNQSLLH-LPDDLIDYVLLHELTHTRVKD-HSPSFWDELETVCPDAKE-------------	0.20909090909090908	9
A0A3G6T0G8	LKADEVFGEILSDLLIEFPIFT-TYNISLKHKMLKKRWGSCS-TDGNILLNTELIK-ASKNCIEYVILHELCHL-INPNHSKAFYNLLTELLPNWQKIK----NKLE---	0.1	-1
A0A7X0S990	-KCAQIFNDIVYPIVRKYNV-PK---VEIKIRKMKTRWGSCMAKKEKIILNKDLIK-APKYCIEYVILHELLHLIY-KNHNKEFYGFLYVLMPDWKE-------------	0.18181818181818182	6
A0A1W9PGG2	---RDVL-DLVERWQKIL-----KVNVKVQIREMKRKWASFS-SKGTLTLNKDLLD-LPKKYTEYVIVHELLHGIV-PNHGRTFKTLLHMYLPDWEHL------------	0.21818181818181817	7
A0A3R9PFC4	---MKEIRAVLDELKKELGMERR---IRVELREMKVKAASVSIKKGVIRLNRYIVSNSEEKCIRYLILHELAHLKLGTIHGDEFYKVIYSVMEDAERRIVKSLMKL----	0.09090909090909091	-1
A0A831YGZ9	MNYGEVVNRFLTRYKLILGV---KEDVKIKIRRYKTKTAFVDLRSKIIYMNRDLLD-LGEDVIEYLLLHELLHIKREKHHTSQFYAILHFFIPEEKEIKEKIIKKL----	0.07272727272727272	4
A0A382L8W1	---RRILNQRLAELA--TG-HDFEYG-KVSIRKQKTRWGSCSSQNN-ISLNQNLLH-LPDELIDYVLLHELTHTRVKD-HSPSFWDELEKVCPSAKE-------------	0.20909090909090908	9
A0A351CBI1	---RKNLVERLDELCKR---NGFKYN-RVFVKNQKTRWGSCSDKNN-INLNVNLV-QLSDELIDYVILHELVHTRIKD-HSNRFWEELSKFVED----------------	0.23636363636363636	9
UPI0010FF6AEE	-KSRKIFQDSLDKLVEKYGIN--KPSM--DIKSMKARWGSALIDTNTILLNFNLIK-APKHCINYVVLHELIHFKYND-HSDKFYNMLYSLMPDWEEILDEIVREL----	0.1	6
A0A4R3MS51	---------IFYEALDK--VYPKKYDIPIQIRTMKARWGSCLVDSSAILLNAELIK-APKPCIEYVILHELIHFKYND-HSSNFYEMLYSLMPDWEEILDEIVREL----	0.15454545454545454	6
UPI000BBC0FFE	------LEKLLPKWENKLGVN---AN-SLNIKKMKTKWGSCNIQAKRIWLNLELAKK-PPECMEFILAHELVHL-LERHHNNRFRSFMDKHMPNWRERR-NLLNSL----	0.15454545454545454	6
UPI0018AAA650	------LKEWFEKIKERLNIYSKILNIYIKVKEQKTTWGTCSSLGN-IYINWRIF--LAPDIIDYILVHELCHLKH-MNHSKEFWNLVESVIPDKREYLKNNSNKLK---	0.11818181818181818	-1
A0A8B2D7Y7	----KVFLELLKKWMEILN-EDVK---KFSVKPLSKKWGFCNYTKRYVTLNVELIKR-TPFEIEYVILHELAHLKY-PNHGKGFYNYVEKYMPNY---------------	0.22727272727272727	6
A0A235J3I9	-KDAQALKNAVQEWSDRI-----KVQVKIQLRPMKRKWASIS-TTGRLTLNTELLD-LPKELGEFVIVHELVHL-LVPNHGKLFKCFMSAYLPDWQE-------------	0.2	7
A0A497I290	MKDRSMVLRIFEIAKNRVGIGDS---VRLKLVPMKRKIASVSLKTNTIRLNKILISLLGSDVIEYLIIHELIHIKLGTLHGLDFLREIKKFYSDIERLENKIV-------	0.09090909090909091	-1
A0A0B6CUR7	---------ILNNLAKYLKITNQEIN-RVTIKKTKTRWGSCNYIKKTINLNFNLILR-DIEAIEYVVLHEIAHLTH-PNHSKEFYNYISCYMPDWKA-------------	0.22727272727272727	6
A0A2H0CH50	-KMQKIFQERFSAMLDKF---DYKNNPVLKIREMKKRWGSF-LNKDKIFLNPKLIS-TPKECIDYVIVHELCHLKY-KNHDKRFFELFNKKFPKWEKVKDKL--------	0.13636363636363635	6
UPI0015D0E82C	------LNKVFSECWAKFRKRDEKPN--LKIMQLKKRWGSLS-KNRTLTINRDLIK-APKECIEYVIIHELCHLEH--YHGPEFYQLLERFLPDWEKLEIALI-------	0.17272727272727273	11
UPI0004D52AC1	------FERVFQECFEKF----TKYNFELSIRKMKRRWGSYTPYKNHVTLNLELIKE-DRELIEYVIIHELCHIKY-QNHRKEFYEFLSEILPDREKRL-----------	0.20909090909090908	6
K2GF67	-KIEKVFNERLDEIVKKF---DYNFDFKLVVRKMNKRWGSY-AKNQTISLNPSLIN-ASKKCIDYVITHELCHVKYHS-HNKNFLRLLNRKFPNWEELELRFI-------	0.12727272727272726	6
A0A6N6PPL1	LDDSRI-TQLLAEAQRALNLTRR---IRVAVTEKLTSPAVVGVIVPTLILPLTLLTTLTPEQIRFILLHELAHIRRGDYFANLFQEALLFFNP---AVW-WISHQVRRER	0.07272727272727272	-1
A0A2E4IE61	--DRKVARKFLKRIAELAQIHNFHYN-RISIRKQKTRWGSCSTKNN-INLNANLLH-LPSELIDYVLLHELVHTRV-KNHGEGFWKELDTVVPN----------------	0.2	9
A0A382WQC6	--DRKVARKILRRIGELAQLHNFVYN-RISIRKQKTRWGSCSSKDN-INLNMNLLH-LPSELMDYVLLHELVHTKV-KNHSNDFWNELETVVPNAR-IID---RKLK---	0.11818181818181818	9
A0A6B5PVN3	----RIFSNILEEQVKAF---DKKIDLPLEIRRMKNRWGSCH-TNGKIILNPEIIK-APKKCIEYVITHELCHLVI-PNHSRDFYELQETVFPNWE--------------	0.21818181818181817	6
A0A381J715	LKCRKVFKEVVYPAVSKYDV----PDVRISIRKMKSRWGSCIVQKQTIILNRELIK-APKYCIEYVILHELIHLMYKD-HNKEFYDFLYTLMPDWKE-------------	0.17272727272727273	6
A0A222PA97	----KIFLELLKKWMEILN-EDVK---KFLIKPLNKKWGFCNYEKKYVALNVELIKR-TPFEIEYVILHELAHLKY-PNHGKGFYNYVEKYMPNY---------------	0.22727272727272727	6
A0A7C3VCN7	--------ELMEKFKEKVLFFSNKINVRIYFRKMKRKWASCS-TKGKISFNISLLDK-TDKFQNAVIVHELIHLIV-PNHSKLFKSMFLSFMPDGEKIL-----------	0.2	-1
A0A7X9H349	-NIQKIIEDFLYRIINNLEIWKRKLNVEIRIKKMKTRWGTCNISKKRIWFNLDIIRR-DIEIIELIVVHELAHLIE-PSHNKDFYKILDFYLKDWKIREDRLNNKIKNKK	0.02727272727272727	-1
A0A1J5UC20	---RKVLCRRIGELAQ---LHNFTYN-RISIRKQKTRWGSCSSKDN-INLNMNLLH-LPSELVDYILLHELVHTRV-KNHSRDFWDELETVIPNAREI------------	0.2	9
A0A0M9DR39	--YRKQLEAILPEMIAHWNI----MQVKVRIKSMKTKWGTCNITKKRIWLNLELIKK-TKEQLEYVVVHEMVHLFE-KYHNKRFYDLMTHYLPNWKEI------------	0.18181818181818182	6
UPI000A30D22E	-KARKTFQESLNKLVEKYGVEKPSVDMKV----MKARWGSALLDTNTILLNLNLIK-APKHCIDYVILHELIHFKYND-HSDKFYNMLYSLMPDWE--------------	0.19090909090909092	6
UPI00140B7D92	--------EILEAEKSRLNINSK---VKIIYSNFSKSPAVYGMIRPKILIPEDLIDKLTPEEFRFVFSHELTHIKNQDLAVNTFVKAIHWFNP-----LIWFLNQVKQ--	0.16363636363636364	12
A0A7K4C854	----RSLQE-LKEYINKIN-HPKKIN-KIYFKKMRSKWASLS-SNKNLTFNV-LLRYLPSNLIDYIIFHELTHLKE-RKHNPAFWNLIKIRYPNYEKQLL-IYWFLIQDK	0.1	-1
A0A352MU35	--YEKIIEELLEDAEKEVGI---KPN-KYRIKKLKTAWGTC-TSNKNITINSSLMKY-DRTVIQYVVLHEICHLKY-MNHSKEFWNMVERYMKNYKEI------------	0.19090909090909092	6
B9CK53	--IRKTFDEFLQEMLPELTVAQKHAS-RYKVRRMKSRWGSCNIKTGTITLNLELAEH-DKEALKYVIAHELTHL-YVRGHNREFYALLATFYPNWKEVRASL--------	0.11818181818181818	-1
A0A5E4KNF7	---------------------DLKININLYFRRMKSKWGSCS-PNKNLTINK-LLKYLPDNLIEYVIFHEMSHVIE-RKHNEHFWRVISTKFDNYEEIEKELYWFLIQKK	0.21818181818181817	-1
A0A8E1ZGN3	----------------KYNI----PNVQISIRKMKSRWGSCLLEKQIIILNRELIK-APKYCIEYVILHELIHLIY-KNHNNEFYDFLYTLMPDWKELDEEIIMNL----	0.23636363636363636	6
N8QHP0	-----YLNKIFLECWEKFKYPDEKPNVKI--MQLKKRWGSLS-KNRTLTLNRDLIK-APKECIEYVIIHELCHLEHH-HHGPEFYQLLERSLPDWQKLEMALI-------	0.15454545454545454	11
A0A7C7KXM0	---REDVLKICEKWQKEL-----KVNVKVQIREMKNKWGSYS-SNGVLTLNKELL-RFPFKCVEYVVLHELLH---GPNHGRTFKALLYAYMPEWE--------------	0.24545454545454545	7
A0A2E6ZP30	-----VLKNILDTTAQKLNI---PYN-KIKVGPRKSIWGSCSYKQN-INLNRNLI-FLKSDLIEYVITHELCHVFE-MNHSPSFWSLLNEMFPNYRKIKD----------	0.2	6
A0A077L9E4	------FKKFTNEAC--LLI--KKTNLNLFIRNKKSSWASISVLKNKIFICSDLI-FFSDEIIKYVAYHEICHLIH-QNHSKEFWNLLKQFIPDYKE-------------	0.22727272727272727	-1
UPI001C3ABC1E	-KAKKVFEELLNKLVQKYGICKPSIDMRV----MKARWGSALLDSQTIHLNTELIK-APKHCIEYVILHELIHFKYND-HSDNFYNMLYSLMPDWKKILDEIVREL----	0.1	6
A0A3M9LR01	------IESIVQRLQQELEVE-----VRLTFRKMKRKWASCS-SNKKLVFNRHMM-YLPDSLIEYIVYHELLHLIE-FKHNKRFWNLVEARYPQRKELELAAYWHLIKK-	0.13636363636363635	-1
UPI0015D9149E	-------NSILKDLINQYNIYNPKIN-RIRIKKMNTRWGSCNSKKGYLNFSTNLIQK-DIKFIEYVVLHELAHLIY-PHHQKEFYNFIYSLMPDFK--------------	0.21818181818181817	6
A0A7X6WT80	-KIEMVFNERLAEVVKKF---DFDFDFKLIIRKMNKRWGSY-AKNKNISLNP-LLINASKKCIDYVITHELCHVNYNK-HNKEFFRLLSKKFPNWEELELRFI-------	0.12727272727272726	6
A0A4R3KZH9	------FNESLDNLVYNYDI-PK---PKLKIRDMKARWGSCHNKDKTILLNLELIK-APKYCIDYVVLHELIHFKY-RNHDKKFYTFLTLLMPDWKEILDEVIKDL----	0.14545454545454545	6
A0A7C6PIN2	------FNESLYKLVKHYNI--LK--PQLKIRNMKLRWGSCHRQNKTIILNSELIK-APKHCIDYVVLHELIHFKY-KNHDSNFYTFLTSLMPDWKKILDEVIMDL----	0.14545454545454545	6
A0A1V1I1K6	------INLYLSEIKERISIYSKKLNLYITLKEQKTSWGTCS-SKGNIYINWKVL--LAPDILDYVLVHELCHLKH-MNHSKEYWSLVGTIFPDYKE-------------	0.20909090909090908	-1
A0A849CY12	---NRQIRELFNCCLSELNIKKK---IPLYSSAYLSSPMAAGLVKPVIILPIHMLSEFTEEEIRFILLHELTHIKHRDLFLNRFMQALYWYHP---VVWIGLMRK-----	0.12727272727272726	-1
A0A5J6RGD0	------LNEVIEEFKAEEKITKNKYSVKLYFKSSKTKWASCSASNK-ISFNPEVMK-LSSSLIKYVVIHELAHIQY-KNHSKDFWNLVKKNMSDKEEILRGFEKKL----	0.11818181818181818	-1
UPI00100B58E1	------LDKWLEEKFKDL-VQQKKYNVKINTRKMKTRWGSCSPEMKSILLNKDLIK-APKYCIEYVILHELIHFIY-PEHNREFYDFLYVLMPDWKE-------------	0.2	6
UPI001747646D	------------QLQQQIGSFAKKLDIRVGFSQMVDVPCIVGFLKPVILLPVTLSTYLEAEEIEAILMHELAHIKRNDYLINLLQQTLLFFNPC--VLLIN---------	0.20909090909090908	13
A0A222MWQ8	---RKSAEKIFGFYIKKW--QDKPRQIKVKIKKMKTRWGSCNHSKAYINLNLNLLSK-SLKAIEYVILHELNHLKF-PHHQREFYENLQKLMPDFRELE-----------	0.16363636363636364	6
A0A1G0JWL6	LKATEIFNKCLDDCIERL----KKMNFKLRINRLKKRWGSLS-KSGALNLNIDLI-RAPRESIEYVVTHELCHLKFH-NHGPEYYKLLDRIMPDWPARKHRL--------	0.13636363636363635	11
A0A1L8ZMN2	---------IFQESLDKMSLYMQKYGVELDLRLMKARWGSALVDKNTILLNTELIK-APKHCIDYVVLHELIHFKYND-HSDNFYKMLYTLMPDWE--------------	0.22727272727272727	6
A0A0E3QEZ1	------LREISQTYSRKLHISP----PSLKVKSQAKRWGSCS-KDNVIRINVQIIM-APMKQIEYVIAHELCHIKY-KSHSSDFWKSLRLIMPDYE--------------	0.24545454545454545	-1
A0A382BLM7	---RKILEKRLAELAQ---LHNFQYN-RVSIRNQRTRWGSCSSKDN-ISLNMKLLH-LPNQLIDYILLHELVHTRV-KNHSKDFWNELETVVPN-----ARIMNKLK---	0.16363636363636364	9
A0A1V6BG93	-KAREIIPGRIIEIINKY---DEYAFVPIRIRKMKSRWGSCN-SKGRVTINSELVK-VNAALIDYVIIHELCHLKFH-NHGSEFYRMLQSLVPDYKAL------------	0.17272727272727273	-1
A0A4V3G3U8	---------------NELNIHKKYLDVKIVIKKQKKRWGSCSSKKN-LNFNWKIIM-APLKVIEYLVVHELVHLIH-PNHSKDFWQTVAKIIPDKEWLRIN---------	0.24545454545454545	-1
A0A2S6HWJ0	------IRELFDCCLREMNIKKK---ISLYSSAYLSSPMAVGLVKPIIILPIHMLSEFTEEEIRFILLHELTHIKHRDLFLNRFMQTLYWYHP---VVWIGLMRK-----	0.15454545454545454	-1
A0A562U1Z7	-----------------LNISQK---VKAGLSKLVDVPCMVGYFKPVILLPFTLSTYLSAEEIEAILLHEMAHIKRHDYLINVFQQILLFFNP-CTQLINRIIN------	0.24545454545454545	13
UPI00115AAA97	--DQKNMEEFLQNAKKELLM-DKKVQ-RLSIKKMRSRWGSCNHKKAYINLNLNLMQK-PLKAIEYVVLHEMAHLSF-PHHQKEFYEYLAQFMPDFR-QRENLFK------	0.11818181818181818	6
A0A511AXD0	-----IFNDLFSKVYPKM----EKYNVDLQSRLMKTRWGSALVDKNTIHLNQDLIK-APKPCIEYVILHELIHFKYND-HSPKFYDMLYSMMPDWKEILDEVVKDL----	0.13636363636363635	6
UPI0009876533	------LNKVFSDCWDKFKHTDK---PKIKIMQLKKRWGSLS-KSGTLTLNRDLIK-APKECIEYVIIHELCHLEHH-NHGPEFYRLLERSLPDW---------------	0.24545454545454545	11
A0A1S2R0D8	---REDLIEILEAEKSRLKVNSK---VKIIYSNYSKSPAVYGMIRPKILIPEEIIDKLTPEEFRFVFSHELTHIRNKDLAVNTFVKAIYWFNP---LIWYSL-NQIKQ--	0.10909090909090909	12
UPI0013ECD4F0	------MENIVQRLQRELEVE-----VRLTFRKMKRKWASCS-SNKKLVFNRHMM-YLPDNLIEFIVYHELLHLIE-FKHNKRFWNLVEARYPQKYDLELAAYWHL----	0.16363636363636364	-1
A0A6B2C6P4	MRDREVIKKILDAYRLQLGV-DE--DVKIKIRRYRTRAAFSNIKTKTIYINKELLD-LGEETLKYLILHELIHIKLNKYHNGEFHSILSRFISPEE---ITIIRR-----	0.10909090909090909	4
A0A519C360	--DRKVARKVLRRIGELAQLHNFTYN-RISIRKQKTRWGSCSSKDN-INLNMNLLH-LPSELMDYILLHELVHTRI-KNHSTDFWDELDTVVPNAR----NIDQKLK---	0.11818181818181818	9
R7F3E8	------LENVFEEIRIETGLVPEDYSIIQNSKEM----AKFDFDKKEIYINSKIME-LDENCIRYIVIHELCHLKY-KTHAKSFYKLLQKYFPKYEEIL-----------	0.20909090909090908	14
A0A5N9DPQ1	----KLLQEWLQKAENILNIS-QSTNISVRVKSQKTSWGTCSVRKN-INLNRNLI-FLPRNLVEYVILHELCHVKF-MNHSLEFWKALETYVPDKREL------------	0.18181818181818182	6
A0A7C5TX59	---REVIKKILDAYRLQLGV-DE--DVKIKIRRYRTRAAFSNIKTKTIYINKELLD-LDEKTLKYLILHELIHIKLNKYHNGDFHRILHRFISPEEITFIR---------	0.14545454545454545	4
A0A4S2DPU5	---------YLENANNILNVNTSKYNLKVLIRNQKSRWGSCNSRKE-IRLNWRLV-LMPDYVMDYIIIHELCHLKH-MNHSNSFWSLVYKLAPDKEWLKEN---------	0.19090909090909092	-1
A0A3S2WWH1	---------------EQLNIS-K--NVSVNISRMVDVPGVIGFMKPIILLPVTLSTSLSSAEVEAILLHELAHIKRNDYLFNLLQQVLMFFNP--FAILVNIIN------	0.23636363636363636	13
A0A554SCQ0	----------LSRFANKLNITKK---VTVGLSDMVDVPCITGYIKPAILLPFTLSTYLSADEIEAILMHELAHIKRNDYLVNLLQQTLLFFNPC--VLLIN---------	0.21818181818181817	13
A0A3M2GUX4	--DRESFNTYVLAWAKRIGVAHK---VKIHLRPMKRKIASCS-TKGRLTFDPSILSK-DMKELDYIVVHELMHLRY-PNHGKLFKAVLSSY-------------------	0.24545454545454545	10
A0A1X9SRL1	-------NSILKDLINQYNIYNLKIN-RIRIKKMNTRWGSCNSKKRYLNFSTQLIQR-DKRFIEYVVLHELAHLIY-PHHQKQFYDFILSLMPDFK--------------	0.21818181818181817	6
A0A5N9FXH5	---------ILEKAVE---TNSKKLNIKIKIGSRKSIWGSCSYKKN-INLNRNLV-FLEPSLIEYVVTHELCHI-LEMNHSKQFWSLLNESLPGSKKL------------	0.24545454545454545	6
A0A0A5ICZ0	--DR-IFHESLEKVISKYEI-GK---PMLQIRSMKARWGSALVDSDIIQINSELIK-APKTCIDYVILHELIHFKYND-HSNKFYEMLYALMPDWEEILDDIVKEL----	0.11818181818181818	6
UPI00140E38C7	---REDLIEILEAEKSKLKVNSK---IKIIYSNYSKSPAVYGMIHPKIIIPEELIDKLTPEEFRFVLSHELTHIKNKDLVVNTLVKAIYWFNP---LIWYSL-NQVKQ--	0.10909090909090909	12
A0A7T9CVU4	--YRKILAEYLGKWENRLGL--K---VKVFIQKMKTKWGSCNPRSKNIRLNTELAKK-PKEFLDYIILHELSHLKHNDQFIKIMDKMLKWFFKNENALPVSFMDKYHNKK	0.07272727272727272	-1
A0A556MTC7	-------------------VKRLSATIHIKVKAAFSEWVDCGFIKPIILLPVTLTCYLTTEEIEAVLLHELAHIKRNDYLLNFIQQILLFFNP-----FARLINKLINE-	0.22727272727272727	13
UPI00039F9718	-----YYRQVLEKIQTYINQYEKILNIQFKIQKMKRIWGSCNIAKRTLLFNLELVK-APSEGIEYVVVHELLHLKT-RYHNEYFRDLLSLYLPNW---------------	0.2	6
A0A2E7CQR9	---RKEAKEILPNRINYLA---KKLNYQIRIKNTKSRWGSCSYKNN-INLSLHLM-RLPDYLIDYVILHELVHTKI-KNHSKDFWAMLESFQSKKKELRIGIY-------	0.14545454545454545	-1
A0A1F3C765	---------------------EKKLNIRKKIKYLESQPVVLGYLKPVIIVPAGMLMGIPENQIEAIIAHELAHIKRNDYLVNILQEMIFFFHP---AVW-YISSTIRTER	0.22727272727272727	-1
A0A1W9P6K9	-------RDILEVCASRIGVNDR---IRIHIRPMKRKWASIS-TRGRLTLNVDLFVQ-PPAFRREVIVHELVHLKLGGAHNKLFRALLRAYLSRAEEL------------	0.21818181818181817	10
UPI000EAB6E90	----KYYRQVLEKIQTYINQYEKVLNIQFKIQKMKRIWGSCNALKRTLLFNLELVK-APSEGIEYVVVHELLHLKA-RHHNEYFRDLLSLYLPHW---------------	0.19090909090909092	6
UPI000EAC7175	--YRQVLREKIQTCINQYELNES---IQFKIQKMKRIWGSCNTTKRTLLFNLELAK-APRKGIEYVVVHELLHLKAH-HHNEYFRDLLSLYFPDW---------------	0.2	6
A0A101HAD9	------LKEILPTFIDKWGV---LLAVKVSVKKMKTKWGTCNIAKKRIWINLELVKY-PVECIEYIVVHEMIHL-LERYHNKRFYKLMDDFYPGWK--------------	0.22727272727272727	6
A0A1S8NBI8	---RTM--EIVKERIQYYNFKDKVSNIKV--KEQKRRWASCTGKNE-ILFNWRIMAGLD--VIDYIVVHEMCHMDH-RNHSREFWSRVKEVMPDYEEKHEWL--------	0.17272727272727273	-1
A0A1E5SS49	------------EMRNTLNVSRS---VKLMVSSLINSPMTIGTLKPIIYFPTGLISGFSSDELDTIIRHELMHIKHHDYLINAILETLFFFNP----FLIMIIRDLRRE-	0.18181818181818182	-1
A0A2U2PJS4	-KNRRYLNELLEALMQTLGITRK---VRLFFGERVSGPFTIGWLKPVVFFPVAALTSLSTEQIEAILVHELAHIKRNDYLWNLLQEMFMFFNP-----------------	0.19090909090909092	-1
C4FJW1	--SNKEFKDRVLSWAKIINVNPK----EIQIRKMKRKWASCS-SNGRLSFNEELLCQ-SLEFIDYVIVHELLHLRY-PTHNKMFKLMLDIYLKEAEKI------------	0.19090909090909092	10
A0A4R1RMJ7	----KIVPRI-KKWSKETGLND------VKIRKLEKRWGSCTPTNK-IIINLDAIK-LPFSLIDYLIVHELVHTKV-KSHSKEFWAELSKHMPNWKALDAKMYMKL----	0.16363636363636364	-1
A0A2X4RCX2	-----------------MNV---KAN-ELRIKKMKTRWGTCNLEAKRIWINEELVKY-PISCLEHIVVHELTHL-LEINHTPRFYKLLEYYYPEYRDILIKDFNKYLNGR	0.20909090909090908	-1
A0A2E4LR17	-KKRSVLNELMESILPLVKKWEXKLNVRFSIRXMKSRWGSCTTKTRXIRFNLELAKK-SIECLEYIVVHELVHL-LEASHNSRFKALMNQFYPNWK--------------	0.15454545454545454	6
A0A2A1ZN97	--YKKYLKEILLEAVTELSLHNKSLDVKYNTRYTTSRYGSCNPSKRTINFNLHLVNY-DKKYLEYVFCHEIAHLVH-RNHSKEFYNLLDELYPNKKEL------------	0.14545454545454545	-1
UPI0004184DB3	--------EIVKEKIKKYE-NDKVSDIKV--KEQKRRWASCTGKNA-ILFNWR-CSMAREDVIEYIVVHEMCHFEYRD-HSKNFWNRVESILPDYEYLKVNGIN------	0.18181818181818182	-1
A0A6B2CU02	------VEKILEKYKIYLGV--K--DVELVVRPYKTRDAFTSSSPPTIYLNEHLID--DEEVVEYLILRELIHIKLNMYYAAKFDSILHFFTPKEEEILIEVNRRLRQ--	0.12727272727272726	4
A0A3D5ZSF4	LPDKKVIYDILSEMFADYKI-PF---PSLKVRKMNSRWGSCNVVKKIVTLNSRL--YLKEDLIKYVVLHELSHLVYAD-HSKNFYAVLKSVMPDYEKLL-----------	0.16363636363636364	-1
UPI00165AC679	-----YYRQVLEKIQTYINQYEKILNIRFKIQKMKRIWGSCNTTKRTLLFNLELAK-APRKGIEYVVVHELLHFKA-RHHNEYFRDLLSLYLPDW---------------	0.2	6
B1C9M1	-------NKLLQECAEEVGIRRK---FSLRIRLMKTRFGSYSVKTESICLNLCLVKY-SNEVIKSVLLHEICHLRH-LNHQKGFYRTLHKMFPDYDELRSDFV-------	0.17272727272727273	-1
A0A497HPA0	-KIRESLKGRLESYSQRIGVEAG----EVRIKKMKSKWGSCSHLGN---LNFNLIAGLPEYLFNFVVAHEVIHLKHHR-HSKEFKEVCRELFPNYKEL------------	0.19090909090909092	-1
UPI000EF55189	-------NEILEQCKQRLNVTKQ---INIGISPLVKSPMTFGLFKTYIVLPSHFEKWLSMEEIKYILLHELNHYKYKDNYLVVMYQIVYWFNP-----------------	0.24545454545454545	-1
T5DDZ8	--YRQVLREKIQTCINQYELNES---IQFKIQKMKRIWGSCNIAKRALLFNLELVK-VPSEGIEYVVVHELLHLKVH-HHNEYFRDLLSLYLPNW---------------	0.2	6
A0A2G9YQ18	----------LKNTKTKLE-NRQKYNFRISVRNQSSRWGSCS-SNQTLSFNWRLI-LLPQALVDYVIYHELVHLEH-SNHSKAFWQRLAKLYPKKKKLKNYIY-------	0.19090909090909092	-1
A0A2H6A8Q1	------LEEIVSEYINEISI--LKVKPKIYFRNMKVRWGSCTF-DGRLIFNKK-LKFLPKELIRYVAVHEMCHL-LIKNHRKEFWLLVKKLCPNYQKLL-----------	0.2	-1
A0A4Q5SHV2	-----VVNELVNKYANQLKI-GK--HVSVNISRMVDVPGVIGYLKPIILLPATLSTTLNTAEVEAILLHELAHIKRNDYLLNLLQQVVLFFNP--FAIIINIIN------	0.14545454545454545	13
A0A5B9M2U9	-------NEFKEDIAKKMGLNPK----EIHLRQMKRKLASCS-SNGRLTFDPTILN--EPEETRLIILHELLHLKY-PNHGKMFKRLLETYL--KEEIRYR---------	0.23636363636363636	10
A0A832DS63	------VEKILERYKIYLGV--K--DVKLVVRPYKTRTAFTNLTSPTIYLNKHLID--DEEVLEYLILREMVHIRYGPNYSDKFNSALRFFVPEEKEIIEKIMKKL----	0.14545454545454545	4
A0A2D7IM90	------LEKFWDNTKQKMNIHQLDF-YKLTFKTLKTRWGSCS-QNNTICIN-NIIYYLPEHLKEYIMLHELTHTKI-KNHSRIFWEELEKICPN----------------	0.23636363636363636	-1
A0A1V5X1K0	-----IINQWLKECQKRLNIYDQKPN--LVIREMKKRWGSF-INQEKIILNPKLIH-APKECIDYVITHELCHLEH-KNHSTNFFKLLDEKYPKWE--------------	0.21818181818181817	6
A0A1A7QPB0	--------EVLENWLKEMIVWEKKIGVKIGIRKMRTKWGSCNTETKRIWLNLELAKK-PVECLEYIIVHELVHL-LERSHNEVFVNYMNQLMPKWEEL-----NKL----	0.17272727272727273	6
A0A7V8N0S6	--YRKELNRVLNKCEQKTNL---SAN-EYKIKNMRTKWGTCNIDSRRIWINLQLAKK-PVECLEYVLIHEMVHL-LEKNHTNRFHALVEQFYPTW---------------	0.20909090909090908	6
UPI00112B7439	--YRQVLREQIQTYINQYELNE---NIQFKIQKMKRIWGSCNATKRTLLFNLELAK-APRKGIEYVVVHELLHLKA-RHHNEYFRDLMSLYLPDW---------------	0.2	6
A0A6B2CTR5	------IERILERYKIYIGV--K--DVKLVVRPYKTRDAFSDLTNRVIYLNEYLID--DEEVVEYLILRELIHIRLHMYYAEKFENTLYFLIPKEEEIREKMVKKL----	0.14545454545454545	4
A0A831YEU6	------VEKILERYKIYLGVRD----VVVEIRPYKTRDAFTKLSSPTIYLNKHLID--DEEVLEYLILREMIHIRYGPNHSNKSNSALRFFVPKEEKIKEKIVKKLE---	0.13636363636363635	4
UPI001EE66237	-PSKKAIEEIYQNWARKLFQNKKKLSIKIIIKNLKNKWGSI-TANNIVTLNQNLAK-APSDVIDYVILHELCHVKEHDHH---FWNYVKKFMPNY---------------	0.19090909090909092	-1
A0A328RUE4	-KLRQLVNSYMEEYEKLLNV---RVN-RVQFRDTVYKWGSCS-INRNVTLSKN-LRYLPDKLVAYIVYHELVHIIV-LAHNDRFFEIMEREFPNYEE-------------	0.19090909090909092	-1
A0A1F7B2Q3	--IRKILNQILQNLVSE--INHKYFNFKIEWKNFKSRFGHC-TSKNDIAICSRLL-FVPKELLEYVIIHELAHIKI-KNHSQKFWDLVKKVCP-----------------	0.21818181818181817	-1
UPI00189409B6	--------EIFQKQMELLNL--KKP-IKLKTVDM---PITYGIWKPVILIPASLFFHLSPAQLEAILAHELAHIKRYDYLINLLQSFLEFFHPNKRELREN---------	0.20909090909090908	-1
A0A1F6NK93	---REELRELIKKCASRMTVRPKTV-I---LKKMKSKWGSCS-SGKNLCFNL-LLGYLPDRIVEYVVCHELCHLKH-RKHDVNFKLWLKKFHPEKEALL-----------	0.19090909090909092	-1
A0A7V0YKA3	-----MLNEFKKEWAEEIGISPK----EIHIRPMKRKWASCS-SSGRLTFSYDLLTK-SKEQRSKFIVHELLHLRY-KTHNKMFKLLLNSYLAKK---------------	0.24545454545454545	10
A0A496J8K8	--YRQVLREKIQTCINRYELNES---IQFKIQKMKRIWWSCNIAKRALLFNLELAK-APRKGIEYVVVHELLHLKV-RHHNEYFRDLLSLYLPNW---------------	0.2	6
A0A2M7XIR1	-----YLKETLEEYSRPLEIIDHKYH-KLIIRITHSKRGSC-TSDQHISLNLNLVH-LPTQFIRYVIIHEVCHLKH-KNHGTRFRELVEKLYPNHKQI------------	0.19090909090909092	-1
A0A7X9A4W7	----KYLKENLEEI--NFNVNGYKV-VPIILKELKSKFGSYHLKKHEIILNIHLAAY-DKECIKYILYHEYTHQKY-PHHQKSFYKALSSLYPNYKEIE-----------	0.18181818181818182	-1
UPI0016270D3A	-------------CSNELWLNKLKANVILKVSNRVDVPMVFGTIKPIIIIPTSLLTGLSDDQLEIILAHELAHVKRYDFIVNVLQEVVFFFNP-FVWLISNLIR------	0.18181818181818182	13
A0A7V6IM87	------------EKITKIEVNDW--QVKL----MKTKWGSCNIEERKIWINLELIHK-PIHCLEYIILHEMVHLKE-RHHNEKFQYYMDTYMPNWKQIR-NELNKL----	0.22727272727272727	6
A0A2T6SIV4	-----YYRQVLEKIQTYINQYEKILNIQFKIQKMKRIWGSCNTAKRTLLFNLELAK-APRKGIEYVVVHELLHLKA--RHNNEFRDLLSLYLPNW---------------	0.20909090909090908	6
A0A484HL76	---RRVFQEWLKKTIPEMLAWEKKMNVQVHVKRMKTKWGSCNILRKRIWLNLELAKK-PVQLLEYVLVHEMTHLRR---HNAEFKAWMDHFLPGWRTLKDAL--------	0.13636363636363635	6
A0A4R6XAP9	------LKQFVKNISIKLDL----ATIPLKVSKQVMVPAAYGFFKPTILLPLSLISQIPKEQLEAIIKHELCHLKRNDFHIQLCADILLFFHP-----------------	0.24545454545454545	-1
UPI00166443E2	MNGERVGREILEAWARRIGVEDR---LRVQIRPMRRKWASVS-SRGRLTLNAELLAQ-PAEVRRAVIVHELVHLKRHGAHTKLFRALVRAY-------------------	0.21818181818181817	10
UPI000CD22389	--DGRALRGLLAECKKLVG-YDG--DVKLRLRAYKTKAAAAHLRRREVVINSQLL-GLDEDALRYLLIHELVHLKLGRHHDAEFNKVLYSLVPPEEE-------------	0.17272727272727273	-1
A0A3B0W0C6	--DSHISNE-LKQYIRKIAI---KLDLPLKISTQVMVPAAYGMLKPTILLPLSLLSQIPRNQLEAIIKHELCHLKRHDFHIQLFADTILFFHP-----------------	0.20909090909090908	-1
A0A3M0XQM9	---RDILVAEVYAWACRIGVEDR---IRIHIRPMKRKWASIS-TRGRLTLNIE-LSGQPAEVRREVIVHELVHLKLGNGHNKLFRSLVRAY-------------------	0.24545454545454545	10
UPI00165AFAC4	--YRQVLREYINQYEKIL--NES---IQFKIQKMKRIWGSCNIAKRALLFNLELAK-APSEGIEYVVVHELLHLKT-RHHNEYFRDLLSLYLPNW---------------	0.21818181818181817	6
A0A3G9E7Y0	-------EEIMREWRNELKINKEKAT-KIEVSDMKTKWGSCNIEDRKIWINLELIHK-PIHCLEYIILHEMVHL-VERHHNERFQYYMDSYMPNWKYIRAEL-NKL----	0.13636363636363635	6
UPI001628A0A7	--------DLLGEIIDELNI--KK-SVELMINPLISSPIFLGFKRNVIVLPD---KSFSEEELQYILRHELIHCKRKDYWIAQFFVCIYWFNP-----LVYLMNK-----	0.21818181818181817	15
A0A7G3FMP8	------LNELLNKVKNTLSIRTK---VQLRSSWIKSPII-LGVIRPTILFPIGLIEGLSVEEVEAILYHEVAHLKRNDFVINIILQIVFFYHPAY---------------	0.22727272727272727	-1
A0A7X6YPN8	---NKMYEKIAEEIERSM----EKARILLDIAPIENILGKC--KDSKITINPEIV-IFSREIIDYIVLHEFCHLKY-KNHTKSFYNMLKTYIPNYEEI------------	0.20909090909090908	-1
A0A1H3PQT7	-KREKIMQEFLKEKIPEL-IWEPVMGVKVGVKRMKTRWGTCNIRDKRIWINLDLGKK-HPRCLEYIVVHEMTHL-LERYHNERFKSYMDNFLPDWRSI------------	0.14545454545454545	6
UPI00110D358F	--SNRQLEALVNHLAQKLNI-KKKVDLNINISPF-----TMGHLKPIIYIPVEALTGFSKMELEIILMHELVHIKRHDYLINLFQEVIFFFNP-----------------	0.22727272727272727	-1
UPI001629A32F	--------DILAGIIDELGI--KK-SVELMINPLISSPIFLGLRKNVIVIPDKL---FSEEELHYIFRHELVHCKRKDYWGQLF-ACVYWFNP-----LVYLMNKRIQK-	0.19090909090909092	15
UPI00196AA3DA	---------YLEKLSSKLSISDSRLNIKIKVSPLVKSPLMIGLIKPMILFPIGLATMMPLHQIEAILAHELAHIKRMDFLINMVQSEVIFFFP-----VTWISSLIRQER	0.12727272727272726	-1
A0A355TPS4	---RKILDNFLYELQNELNCQDLKAD-EYRIKKMTSRWGTCNLYKKRVWISLNLV-YRSRDCLRYVVIHELTHLLEGS-HNYIFKRYLDKFYPGWRAI------------	0.16363636363636364	-1
K1XY68	----KILKKILEDYATPLDLYSKKLWIKLSIRKTNSKRGSC-THDQKFSLNLDLI-YLSTKYIKYVIIHEACHLKV-KNHSAKFRALVESFCPEYK--------------	0.19090909090909092	-1
UPI00047181CD	-NYKKILNETLNKIFEPLLIKDSKLNVPTKVKLLKSKFGSCHTLKKDIIIN-GFLAKLDPKYLYYVLLHEYCHL-LIPNHSKSFYECLDILLPNHKLI------------	0.13636363636363635	-1
A0A839RHU0	-------NERLEERARQLSWRDGAAEPKVRWVPMRTRWASCTPEDGTIRVST-LLRAVPDYVLDYVLVHELVHLIVPGGHPPEFWEHVYR-FPRTE--------------	0.20909090909090908	-1
UPI001E601DE7	--------DMLGGIIDELNI--KKP-VELLINPLISSPIFLGLRKNVIIIPDKFF--L-EEELEYIFRHELIHCKRKDYWGAQFFTCVYWFNP-----LMYLMNKRIQK-	0.18181818181818182	15
A0A831YHD5	------IEKILQRYRIYLGV--K--DVKVVVRPYKTRTAFTKLSSPTIYLNEYLID--DEEVLEYLILRELIHIKLNMYYADKFDSILHFFAKEKEEI------------	0.21818181818181817	4
A0A1Q6LI66	LAIEKMYEEIAKEIENAM----EKFRIMLGFAPEDYKISKIGFENNKITINPYIIKY-NRKFIEYVVLHEYCHLKY-KSHCRSFYELLAKYEPNYEQLIIN---------	0.13636363636363635	-1
A0A7C4RHY1	-------TEIYNQIKKEIEIHG---NIKFKIDNKKQRIA--KLQGNTIILKINTVT-LPEEVLKYIIAHEIAHIKR---HTKKFWQIVEVICPNYKELLLGI--------	0.21818181818181817	17
A0A7J4JZI7	--DKK-LESLLSEEARALGM--KKPSLFV-FQDLNRTAFVVSGLKKTIFLSTGLVEKLSESELRIVLKHELLHLKSGFFKTKRFLHSVKAFFPLREELEMRLDNKLLQE-	0.06363636363636363	16
A0A7C5P373	------VAEIYNQIKKEIEIHG---NIKFKIDNKKQRIA--KLKGNTITLKISTIT-LPEEALKYIIAHEIAHIKR---HTKKFWQIVEVICPNYKELLEA---------	0.21818181818181817	17
A0A6B2CUU0	------MKRFLERYKIYLGI---KA-VKLVVGPYKTRTAFTNLSSPTIHLNEYLID--DEEVVEYLILRELIHIKLNMYYAAKFNSALNFFMPKEEEILIEVNRRLR---	0.13636363636363635	4
X0RKN8	----------LVEKTIEL-VTRKKANIKVNKVFIFRKPNAFSLRRPYIVLNTNVLEILSDNEIEAVISHELAHIKNGD---SLF-RLVLS-IP---RLYINLV-------	0.23636363636363636	-1
UPI0016870993	------LYNIFRECVRDLDIYPE-PSLFIAQNPQANAHA-IGQEQPSVILNSGLLDLLSDEEIRTVIAHELGHIKCG--HTTLIQMEVAFFIGD----------------	0.23636363636363636	-1
UPI000C9AE58F	--DR-IAKERINNFTSKYG----KFPDKITIKDQQQRWGSC-TANQQVLLNWHIF--LAPHAIDYVIAHELAHLTI-MDHSDAFWETLSMLYPSKEWLRI----------	0.19090909090909092	-1
A0A7V3NDR6	-----MFEKFLKETLTLLEIFNKKINTPIFLKKMKNNIIAYTTKKNTIFLNKNIVEKLTDKELKYVLIHELLHVFLHKNKGSSLYEENYKNFPSKEEREVNIIKYLKNK-	0.05454545454545454	-1
A0A3T2BAP3	--------DILAETIEELNI---KRPVELMINPLISSPIFLGLKKNVIVIPD---ETFSNVELHYIFKHELVHCKRKDYWMVQFFTCIYWFNP-----LMYLMNK-----	0.21818181818181817	15
A0A7X0ZIU6	--------EILAGIIDELNI--KK-SVELMINPLISSPIFLGLKRNVIVIPD---KKFLAEELQYIFRHELIHCKRKDYWATQFFTCLYWFNP-----LMYFMNRQIQK-	0.18181818181818182	15
UPI00188850BD	--------DLLAETMEELNI---KRPVELMINPLISSPIFLGLKKNVIVIPDE--TFLSDE-LHYIFKHELVHCKRKDYWMIQFFTCVYWFNP-----LMYLMNK-----	0.21818181818181817	15
A0A1Q6WJR8	----RSLNETLQQYVDLLGEFENVPRVQVRIVESDDTLAMIGGKNRSILLSRGLLGLLEKDELDTVVAHEFMHLKH---HDAEFLSRILFFDP-----------------	0.21818181818181817	-1
A0A1L8D3M4	LKNNERLNGILAELKEKMGI--KKGNITIF---------TFKFYKPVIIIGEEYAKSLDFEELKAVLAHELAHIKAKDSLICQFATYLYFFVPKKEKIL--LFRELRADK	0.11818181818181818	-1
UPI001C1003FB	-KGRKCQPEIIQQICCELG---QKNNIDIEIKPM-----AYGIFHRRIVLPE--IEY-STEEIDIILYHELIHHKHHDLLWKAFMMIIYWFHPGMK----DLIRQLDQ--	0.16363636363636364	-1
UPI0009037BA8	LKYRKMLSKIKCDLMKELKL---KQNITLKISDAANIPFGMGILKKYIIIPSN--SNLKEDELRWILKHELIHYKKRDYYIVIVVKTIYWFNP-----LVYISRKIENE-	0.1	-1
A0A534KHV0	-------NETLQQYVDLLGKFERVPGVRVRIVESNDALAMVGGAHQTILVSSGLLALLERDEIEPVVAHELMHLKH---HDAEFLSRILFFDP-----------------	0.24545454545454545	-1
A0A3R7DTP2	------LYEIVERLCKRSNI--KMPDIMVAHIPIPNAFAYGSLTGNRIAVTTELLNTLEDEEVEAVIGHELGHLKHKDVQVMMFVSILPALF------------------	0.23636363636363636	18
A0A7C4SMH5	------LHEIVEKLSRRSNIAKPKVMIRIRI-PNAFAYGS-PLTGSRVAVTEGLLEVLDEEEVEAVIGHELGHLKHKDVHIMMFASVLPAIF------------------	0.23636363636363636	18
A0A2E4QMQ3	----DSIYSIIEETSNHYQI--LFPDIKIS-KSMKKTLGSYNYKNNQITLSFNLILFGKREEIESVVLHELAHAFYGPFHGKEFRQIGLNILP-----------------	0.21818181818181817	-1
A0A449B8V4	----KILNEKLFEFIKR--IQDQKFDLVVKIVRIKSFWAEVHHVNGTIKYNINLV-FLEPSIIETIIVHELAHNKH-RNHSTAFKKECEFMMPNFK--------------	0.2	-1
A0A1H3FCX6	------MKELFEELSTEYSEKYKSLNIKIKVISNPNKIASAGFFKSDIILSTSLLDQFNDEEIRAIIYHEYYHFKRHPFYTVILLSECYVFLPNYYEI------------	0.16363636363636364	-1
UPI001C8EA26E	-------EELLKEKINKLAQHQVKFN-KIYIIPMANAMVS-GYFNKNLYIYDYLLDQLDDDELEAVILHEIGHVKRHKNFGVILAQMVFYFIPTWYGLLIYF--------	0.15454545454545454	-1
A0A7S0U052	LPD---IYEMLQEAKEILGLSSLSVDIFVRQNPAPNAYMAMQGQKPFIVLHSSLISLLSKEELQAVIAHELGHLKHGSNIITVFASQL----------------------	0.22727272727272727	-1
A0A7J4IUR5	--DRKI-EGILAKEAAKLGV-PS---PELYLFEDSNKSAFVSALSKTVFISTGLVESFNRKELRIVLMHELLHLKSGFFNLKRFYSIRAGFFPIREEL------------	0.17272727272727273	-1
A0A151BQK6	------LYEMVERLCRRSNI--KMPDVMIARIPIPNAFAYGSLTGNRIAVTTELLNTLEDEEVEAVIGHELGHLRHRDVQIMMFVSILPALF------------------	0.23636363636363636	18
A0A6H9KBT2	------FYELFENHSLKTKIKELKINLEIFVAKVEAKIYGFGGTSRKILLSEGLLERLDENEILAVLSHELGHLK--KYHNKIIYENYWTIF------------------	0.23636363636363636	-1
UPI001E468508	------LEELLDEVLKE---NPKENLLSIEWSDMIKSWALCSRWTMKIYINK-LMPQVDREVIKYLIYHELIH-KNGFKHDDKF-RELEWKYPNSDEL------------	0.21818181818181817	19
A0A7V6LIP1	--------ERLEPLFNE--VY-KKANIELFI-NDDSSPNAFATGRKTITINRGLLKY-SDEQIKAVLAHEFAHIAHKDTLIGNF--LVTFLF-----LFIRII-------	0.24545454545454545	-1
A0A2S9YMB9	LADRSEVLEVLESLCRDAEVSRK---IRLT---QSTRIAAIALWRSEIVIPRRAIEELSPAAMRSVLAHELAHLERRDPHWAGVLEALLFFQP-----------------	0.20909090909090908	-1
UPI0006BF59C1	------LEELLDEVLEE-NIFLNKDNLLIEWSDVVKSWALCGIYK--IYVNK-LMPQVDREVIKYLIYHELLH-KNGFKHDDKF-RELEWKYPNSEEL------------	0.21818181818181817	19
A0A497N8V2	------LHQLFDRLVQKIGLRDK---PKLMIAEMPNAFA-YGLTGNRVAVTRELLRVLEEEEVEAVLGHELGHLKHRDVQIMMFVSVLPFYFIGYSLLL-----------	0.19090909090909092	18
A0A2G9MBB4	---------ILEQSFQR--INDQFANMMLKLGKGINRLGTYDYTSNTVTISENLLS--NDLLLDYVMYHELLHKKRTRHHTKAFKED-EKKFPNEKELE-NLVRKNKQKK	0.13636363636363635	-1
A0A7C4WIX7	------LHEIVENLSKKSNL--KKPKLMLAQIPIPNAFAYGSIAGNRVAVTSGLLKTLKYEEVEAVIGHELGHLKHRDVQIMMFVSLLPALF------------------	0.23636363636363636	18
UPI00036D2369	-----YLNGLLEDIKNELRIED-KPEIKVS---VDTAFNAVTLPNGLIVINTGMLTQLEETELHSVIAHELMHILNGD-HTKDNMQEV----TDKEARLAAKMAKLPQ--	0.14545454545454545	-1
A0A662ITR2	------FAEFLEEYERLFDIYDEKSDGRVEILEVVERIDGRGLKGNKILVKRSAIA-LPEEALRYIVAHEIAHLKR---HTARFWDIVRLIYPDFE--------------	0.21818181818181817	17
A0A497LJH8	------LQQIFNSLVQRIGLKEK---PKLMIAPVPNAFAYGSPLTGRVAVTRELLKTLEEEEVEAVLGHELGHLKHRDVQIMMFASVLPFYFLGYSLIL-----------	0.18181818181818182	18
UPI00131EDED7	----KSLQNIVEDIERKLNV---RINLLLKQDSLENAWISLSFTKRRIYLTEGILKHFNAKEIKAILFHELGHVKHGKYLVAIAVSVLMFY-------------------	0.23636363636363636	-1
A0A0D6XPQ7	-------TEFIEKTIPEL--TNK--NVYLYSADMPFKPNAFAIKKPSIFIDRSLINQLSTNELRFVLLHEYSHLKDNDSHLSAF-ALVPFFF-----IIIPIIK------	0.20909090909090908	-1
A0A7C7QC25	------LHAIFSRLVQQIGLKDK---PKLMVAPVPNAFAYGSPLTGRVAVTRELLRTLEEEEVEAVLGHELGHLKHRDVQIMMFASVLPFYFLGYSLIL-----------	0.18181818181818182	18
UPI0005EAD11D	-KSHDLIIE-LSSFLKNHNI--QKANIYI--WPSKEKIANCGLIAKYIFISDYLVYNLDMDEIKAVLAHEIGHWKKH--HIEIRILLMLFTYP-----------------	0.22727272727272727	-1
A0A5B8J8L9	------LIELLKQTITDF--NDPKLNYNLIVKNIKSFYGKINYSKKSFIFNLILIHH-SIQEIKSVIFHEIAHFYKGHNHDKVFYEKLIEICPEYK--------------	0.20909090909090908	-1
A0A1M5RSU3	------LEDLLDEVLKELN---KDNLLSIEWSDVVKSWALCCRWTYKIYVNK-LMSQVDREVIKYLIYHELLH-KNGFFHDDKF-RELEWKYPNSEEL------------	0.21818181818181817	19
UPI000B96BC9C	------------ESCPEL--YDLVHDVALDVRPLPTQWGTTGYKEDTIVLNSGTIDLLSEDELRYVAGHECGHIKSGIYHGELFNSAISFTTPIYYALMYWI--------	0.2	-1
A0A4R8MEA9	-----MLHEIGEHCKNTLKL---KADIEFFV--YQSDIASCYPPNKYIILSSGILERFSKEELTFVVGHEIGHVLHFDYPVRQILDEGENHLP-----------------	0.24545454545454545	-1
A0A847HIS7	-NDNPELEEMLKRLSEKA--ESKVAGVKITFNEPVPNAAVAGLLPRYVYITRYLLGMFSPQQVEGVVAHELAHLRLGFYLISIFCKLLLLYFPQY---------------	0.16363636363636364	-1
A0A151B2B2	MDDSDLKNELIHFL-NKCGI--KK--VEIFLWPMKSNNALVGLIHKQIFISDYLLENFSLEETKAILAHEIGHIK--KFHLWIRTALMLIVFP----LLGELF-------	0.16363636363636364	-1
A0A662VQC6	----KIVNESLYSVVRELTMAANLPMPRIAIVPMPNAFATGNPRNAVVAVTTGLLRTLNREEIKAVLGHELSHVKNRDVTIASFLSTVAWF-------------------	0.20909090909090908	-1
A0A1F6H665	LPIEKKLSLILEE----LDLKDK---VKLAVKPF----AFCGIRNPVIYISTKTVKIMKKSELKAILLHEKYHLQKRDGMIMLIASLLVFFFP----LISDLIEKLERE-	0.14545454545454545	-1
A0A2K3YH19	-PNKKELNEFVENNIPELA-NKE---VLLYSVDMPFKPNLFAVKKKTIFIDSSLIDKLSKNELRFFILHEYSHIKDNDSHLSAF-TVIPFIF------------------	0.21818181818181817	-1
A0A7J2NGA0	-------------------------NLRFG-RDSKRTLGSYNFHTNTITISKALRD-APRHVLDYVMYHEMLHLKKNRFHTKEFKEEALFRNSKEEKELARIARRKPQPR	0.24545454545454545	-1
A0A1C0V6G7	------LYNIFSETCNILDVTPL---PELYLAPGMGQISTIGVDKPIISINLEAMEWLTNEELYFVLGHELIRVKN-KY---IVYQQMAQVMPTIKALISN---------	0.2	-1
A0A7J4L974	-KDRSELKNIID-ILKRVGVTNKK--IKVLIESEKSKFAGMG-KTKSIILYDNLLDKFTKKEVRTVIAHELGHYVHKDIKFEIFQSVLLLYLTN----------------	0.19090909090909092	-1
A0A7V0Y4M6	-PDGEV-NKVLETVVTNLEVNNLTFDPPVRARVLLTSPLESFTIGRTIVVSRGLIDVLPDESLAMVLAHELAHIAL-DHHVNAFHDRMLF--------------------	0.20909090909090908	20
A0A7C4ZKP6	------LSKIYDEIEREGKV---KVNIDFEVKKIDRKNEKIALKGNKIIVKVSAVN-LPDNALKYIVAHEIAHVKR---HTKKFWKIVETIYPEFK--------------	0.24545454545454545	17
A0A2G9MRP7	----------LEQAFNNLNFNNEKPNFKL--SNSLNTLGSYEYGCDTIKITQYLLE--ESELLNYVMYHEMLH-KHHKFHSKQF-RIDERKFPNQKEIEQKLQNFVRKKR	0.14545454545454545	-1
A0A7T9J070	-KENKILNAYLDGIVKKLSVNRKGIKYKIHVIDDSQTMNAFSLAGGHLYITTKMVE-WSEDELAFIVAHEIAHI---DNHVRKAQKMVL---------------------	0.23636363636363636	-1
A0A6S6SJI3	-KDNDIVKDYYKDLLKVMKINPKGLDVKVYWSPY---LYIFSRSNGAIRVNHGVIEKLNDNELLFVMAHEVGHLLHEDYHGMAFEKML----------------------	0.23636363636363636	-1
UPI00177AB88C	-PDFYDLDELYSEIIDEY---PKLTNTNLGISWSKKSWAICYLSDGSIFVNS-LLPSVSREAVKYLIYHELLHA-NGWNHDDRFRQE-EWKYPNSEEL------------	0.17272727272727273	19
A0A7W1GW75	---NKYFNEIIQS--KET--HERKQNVQINKSPFDTKLHSTGIFSPKIFISKNLYSNLSQNEFEAALGHEIEHIRYKDSLVRFILVSIFWWVPTK-----WLRNKIEQ--	0.12727272727272726	-1
A0A7C2X4V8	---RGDVDKILETVVNNLQVNNLDIQPEVQCRVLLTSLESFSF-GHTIVISRGLLDVLPDESLAAVLAHELAHILRVDADRWGFVDRLL--FPSEE--------------	0.18181818181818182	20
A8V3W2	----KMLYILFKELYRFYTLN--KY-ISIKIKRLKEKLA-FNFLNK-IVISKSILDNFSEEERKSIFWHEKGHLINGDSYKILFSNLILSLFPEK---------------	0.21818181818181817	-1
A0A2V8VVC0	---RGEVDKVLETVINNLEVNNLDIQPEVHCRLMTSTLESFS-IGHTIVLSRGLIDVLPDESLAAILAHELGHVVLGDTFDSLFKEETFWHFPEEEE-------------	0.15454545454545454	20
A0A2V9VD05	---------ILQTVVNNLQI---TNNIEVRTRVLLTSPLETFSVGNTIVVSRGLIDVLPDESLAMVLAHELAHIVLGHNLGSKFNDRMLFHIPEEEA-------------	0.22727272727272727	20
A0A660XVG3	----KSLTEKVSNLCKQVGLNLKGVNLSKTTRKANAAFTGIGKSKRVI-LGDTLLNNMETDEILAVLAHELGHYKLGLYLTARIYNLFDFHHPDQAALLIGILLTLYQ--	0.06363636363636363	-1
A0A1H5JQM2	----KVLKELFANQTVLL----RKENIKIVEVP-KSKIA-FTF-YETIFLGSD----LSEKERKQILSHEMVHVRRHDLLLFEFLRIVFWFNP-----LIYIY-------	0.24545454545454545	-1
A0A2N1UGP6	----------LENMLKRLSEESKVAGVKITFNEPVPNAAVAGLLPRYVYITRYLLGMFSPQQIEGVVAHELAHLRLG--HVTSFYSLLLLYYPQY---------------	0.24545454545454545	-1
Q1ILN4	---------VLETVVNNIEVNNLDVQPEIRCRVMLTAPESFN-IGHTIVLSRGFLDTLPDESLAAVLAHEMGHIKYPDNHV--FQRIDIKHTPKEEA-------------	0.22727272727272727	20
A0A522BHC6	------LRERLTLLTKYMGLR-----VRIMVWPMEGKIAGIGLVPRYLLITPALLNALDEDEISAVVAHEAGHVRY--NHLW-FY--LLFFAG----LLIALM-------	0.24545454545454545	-1
A0A2V8ZTA5	---------VLETVVNNLEVNDLDIQPEVRCRLMTSTLESFTL-GHSIVLSRGLIDVLPDESLAAILAHELGHIVLGRIDSQAFFSRLRFHFPDEEE-------------	0.20909090909090908	20
A0A7Y8H6E3	------VRSIFNKLVKH--VERKKINYSYKIV-DTDEVNAYAIAGGKMYINTGILDFLEEDELAFVIAHEISHLKH---CIKRIQSALASLDPNLGEI------------	0.21818181818181817	-1
A0A2H6EI46	-NIKRIFNKLM-KYVERTNLN---YNYKV----VKTDVNAYAIAGGYMYINTGILDFLDEDEIAFVIAHEISHIKRVQY--AALASSV---DPNFGEI------------	0.23636363636363636	-1
A0A0D6APL3	----KIMWDFLSQLVKKYNIDGQ--NIKIETSPY---AAQVGFWNSQLVVSRGLIKLLSIEHLQAVIAHESAH-KAHPFF--FFWERLTFWLPNNKNLWNNL--------	0.18181818181818182	-1
A0A348NWS4	------LYDLCHEVKNTLQFSD---NIDFFIVPEMNAFASNYKEYPRIALNSTIIDKMDDDELRFVIGHEIGHLVTKTYKIS---QMMRFLFQNKESLL------LRQK-	0.17272727272727273	-1
A0A2V9W5M2	---------ILATVVNNLLV---TNNIDIHCRILLTSPLE-SFTIGTIVISRGLLDVLPDESLAMVLAHELSHIVLGHYFDTKLAFNDKLFFPDEE--------------	0.24545454545454545	20
A0A2V9R354	---------VLQTVVNNLQITNN-LDLPVRTRVMLTSPLETFSVGNTIVVSRGLIDVLPDESLAMVLSHELAHIVLGHNLGSKFNDRMLFHVPEEEE-------------	0.20909090909090908	20
A0A2V9WQ81	------LDKILMTVVNNLLV---TNNIDVRTRVLLTAPLETFSVGNTIVISRGLVDVLPDESLAAVLSHELAHIVLGHNLGSKFYQNLGFHIPEEEA-------------	0.2	20
A0A2V9U407	-PDGEV-DKILQTVVNNIEV---TNNIDVRTRVLLTSPLETFSVGNTIVISRGLIDTLPDESLAMALAHELAHIVLGHNLGSKFNDRMLFHIPEEEA-------------	0.16363636363636364	20
A0A5M8T019	----------LEEVFDTLNLRGR---PNLTWSEMKRSLGHYDAAHNTIVVS-RVFDRPSSPAIEYLLYHEMLHLKHPMNHSREFKAE-ERQFPQKEAL--AFLKRL----	0.19090909090909092	-1
F9QCV0	-KNQKQVQEIFEKLIKLTNFNDKNLDYKLIVKNIKSFYGKINYLDKKLIFNLILIHY-PIQVIKSVIFHEISHFYKGHKHDKFFYAKLYELFPEY---------------	0.15454545454545454	-1
UPI0018D70868	-------REMLAQIDNELTINTKYPNCNIVIREANFKALTIGFFKPIIIISSQVLHDFNKQELESILLHEYHHVLRDPLYIVDVMAEIVFFVP-----------------	0.21818181818181817	-1
A0A2V9F2Q0	---RGEVDKVLETVINNLEVNNLDIQPEVRCRLMTSTLESF-TIGHTIVLSRGLVDVLPDESLAAILAHELGHVVLGDTDSVRFEKETFRHFPEEEE-------------	0.15454545454545454	20
A0A1Q6XAA1	---------ILQTVVNNLAVNNLEIQPEVRTRVLLTSPLE-SFTIGTIVVSRGLLDVLPDESLAMVMAHELSHIVLGHRLDTKLAFNDRMFFPDQE--------------	0.21818181818181817	20
A0A1Q7JFR5	---------VLETVINNLQV---TNNITIE-TPLKCRVLLTSFTVGTIVLSRGLIDVLPDESLAMVLGHELSHVVLGDTPDSDLMKTLRFRHPKEEE-------------	0.23636363636363636	20
A0A2W0AR31	---------VLETVVNNLEVNNLDVQPEVRCRVLLTSPLE-SFTIGTIVVSRGMVDVLPDESLAMVLAHELGHLVLGHEIDTKFAFNDKLFFPD----------------	0.23636363636363636	20
101	MKDRKILNEILSNTINELNLNDKKANIKIKIKPLKRKIASISLTNKTIYINKNILPYLSDEEIRFILAHELLHLKYGKYHINEFEEELLFLFPNKEAILINLINKLHQKK	0.0	0
MGYP000939209850	---RAMLRE-LEECRNRLGLRTR---VALRFSPNATSPAVCGLLRPVILIPQSIVPRLQSHDLQAVLLHELAHVKRGDLWVNLAQTLLYFYNP-----------------	0.21818181818181817	-1
F6BCT9	MKDRKMLNEILSDTINELNLNDKKTNIKIKIKPLKRKIASISLTNKTIYINKNILPYLSDEEIKFILAHELLHLKYGKYHINEFEEELLFLFPNKEAILTNLINKLHQK-	0.00909090909090909	0
C7P7R3	MRDK--INDILNNTIRELNLNDKKADIKIKIKPFKRKIASISLTNKTIYINKNVLPYLTDEEIKFIFAHELLHLKYGKYHINEFENELLFLFPNKEEILINIIKKL----	0.05454545454545454	0
MGYP000898520711	--DGP-VYEMTVDLLDKAGL--KLDQVQIFIKPGKESNAAVNGYRGYIIINQSLLEALSSEELRAILAHEVAHIKNRDG-IKRFFDFVLFLLP-----------------	0.20909090909090908	-1
MGYP000434883345	------VQDILEKLKDKLSINER---IDIKIRPMKRKIASISLRRREIRINSHLLPDLSDEELNYIIAHELLHLKHGIYHICEFEEELVAISPQVR--------------	0.20909090909090908	-1
992|Ga0256833_1006594_2|-131|00	--DRERIKTLLERAKQAVGVED---NIKLVLYPMKYKVASISLKNKTIRLNKNLLELFDEDELYYILVHELIHIKHSTNHGEGFYKTLYLFSPEADEIENRIVKKL----	0.08181818181818182	-1
SRR3989344_1417413	--DKK-LESLLSEEAKALGM--KKPNLFV-FQDLNRTAFVVSGLKKTIFLSTGLVEKLSESELRIVLKHELLHLKSGFFKTKRFLHSVGFFLPLLEELEMRLDNKLLQE-	0.06363636363636363	16
O66407	MKER--VENLLKELKERLGIERE---VKIELKRFKRKLAPVSLTKRVIYINRELIPKLSDEELGYLIAHELLHLKHGIYHISEFEKELLEL--SGKDLYLSLYRK-----	0.10909090909090909	1
A0A124EBP3	-----MLDELLQQAKDLLGCQRQ---VRVKVRPLKTSIARVSFKYGTITVDPSVLE-LDEEEILYVLVHELAHLKATTYHSSAFWEEVGKVFPKARELEDSIMTKLHR--	0.1	2
1190|Ga0256836_1000606_8|-12346|00	-----MLEEIVERAKTLI---DYKEQVKIKVKPLKTSIARVSFKYNTITIDPAVLE-LNEEEILYIIVHELAHLKRTEYHSLSFWQEVEKVFPKASELEARIFEKLNQRR	0.08181818181818182	2
MGYP000489322680	------LKNLLIELKNEIGV-DK--EVKLKIVPMKEKIASLSIDTRILRLNRNVVEKLDEEELRYILLHELIHLKVNDNHGLLFMKELEKYFEKTREIEIEIIKKLILEK	0.08181818181818182	5
SRR3989344_2209772	--DKK-IEKMLAQEAGKLGI--KTPELYL-FEDANKSAFVVSALKKTIFISTGLVENFDEEEIRIVLMHELLHLKSGFFNIKRFFHSIGFFLPVLEELEMRLDNQLIKE-	0.06363636363636363	16
A0A218P3C8	-----MLDELLERAKNLLDCQRP---VKVKVRPLKTSIARVSFRYGTITLDPSVLE-LGDEEVLYVLVHELAHLKAGTYHSSAFWMEVKRAFPKARELEDNIMVKL-QGR	0.09090909090909091	2
Q9V1Y2	-----MLEDLLEHAKDILGYQRP---VKVRIRPLKMSIARVSFKYGTITLDPAVLN-LEEEEMFYILIHELAHLKATSYHSSSFWREVEKVFPGAKEIEDRIMTKLQR--	0.1	2
GraSoi2013_100cm_1033763.scaffolds.fasta_scaffold490287_1	--DPK-TEKILSEESANLGM--KKPNLYV-FEDFNRTAFVVSGLKKTVFLSTGLLSKLDSEEIRIVIVHELLHLKSGLFKTKRFFHAVGFFLP-----------------	0.20909090909090908	16
MGYP000675222199	--SPGALHDKLMKLKNKTNVH--FQDIYIDYSKGTDAWA-VGPFNRKIFISKYILNNYSDEEIEAIVAHELGHLKYNHLLLNLFLAIMIFF-------------------	0.21818181818181817	-1
MGYP000341890494	------LRRLFNEAKGLLGIEDDK--LKVVLCPMKRKIASISPKTKTIRLNREVASKLDEESLRYLLVHELIHFKLRSLHDDEFWKELERIYPLVKEIEHRIINS-TYER	0.08181818181818182	-1
MGYP000731121310	MVDRAFIMGILEEFKAILGITDK---VRLELRPLKTKAASISLRRKVIRLSKYVVPRLDKISLRYLVFHELVHLRRTIHHTKEFYELIY---------------------	0.21818181818181817	21
MGYP000595487236	----KQLRELLKELKNELEI-PENEKIRLILRPMKTKAASISLKNGTIRLNKNLIPKLDPESIKYLLLHELIHYKLKSNHNGNFQKQL---NSKMEETK---IRKIENK-	0.10909090909090909	3
MGYP000577790611	--SREFMMEILEEFKAALGITDK---VKLELRPLKTKAASISLRKRVIRLSKYVVSRLDEVSLRYLILHELVHLKRTVHHTKDFYEVIYSMF------DRETVRK-SEER	0.10909090909090909	21
MGYP000206059971	------LFNIVSDVFSSTDISISKAKIYVRPRRKKPVANATGYSNYTIIFNQDLLDELEDSELKAVIYHEIFHIKEKHDLYGTIIMILLVLFP-----------------	0.20909090909090908	-1
3300010263.a:Ga0134105_1007702_3	------LFNIVSDVFSSTDISISKAKIYVRPRRKKPVANATGYSNYTIIFNQDLLDELEDSELKAVIYHEIFHIKEKHDLYGTIIMILLVLFP-----------------	0.20909090909090908	-1
W8P5P6	-----MLEDVLERAKELTKYQGE---FRVKVRPLKTSIARVSFRHGTITVDPSVLN-LSEEEILYILVHELAHLKAGTYHSSLFWEVVSQVFPKAVEMEDRIILKLRKK-	0.09090909090909091	2
3300026488.a:Ga0256838_1000004_213	-----ELDKLLKEVSDKLNLDRK---IKIKIKPFKKKIASISHKTGTLYLNKICLNILTEEEIKFVIAHELLHLKHGKIHTLKFEQELSLFSKDLTLSINWKIKKL----	0.10909090909090909	-1
MGYP000571890505	MVDKDFIMGILKEFKALLGITDR---VKLELRPLKTKAASISLRRKVIRLSKYVVSRLDEISLRYLVFHELVHLKLGTHHTKEFYELIY---------------------	0.21818181818181817	21
MGYP000132521047	------LRKLLDGAKRLVGIEDDKLGVMLY--PMKRKVASISLKTKTIKLNREIALKLDEESLRYLLVHELIHFKLRTLHDDKFWKELERIYPLVREIEYRIINSAQKE-	0.08181818181818182	-1
MGYP000058801463	----PILSSIFENCKKTLFPSKNIPNISLYLTPDLVPNASCIYLDKIININSSLLDLLSKEELAFIIGHEIGHLKFKHHQITSSAQC-----------------------	0.24545454545454545	-1
W0I933	-----MLEELLERARELLDC---QRDVKVKVRPLKTSIARVSFRYGTITLDPSVL-KLEEEEILYVLVHELAHLKATTYHSSAFWMEVEKAFPRAKELEDNVMMKLHRK-	0.09090909090909091	2
MGYP000458473224	MSSKDDVRRLLEKAKNAVEVKSR---VKLVLYPMKYKVASISLKTGVIRLNKNLLELFTDEELYYILIHELLHIKHTLNHGEEFYKSLYTLLEDIERLENSIAKKL----	0.06363636363636363	-1
MGYP000392014049	MIDRKSLKSIMRELKTTLNLED---DIKLELRPMKTKAASTSLKRKIIRLNKNLIPNISHEAIRYLILHELIHIKNTIHHTKDFYDIIY---------------------	0.21818181818181817	21
MGYP000023419126	MVDKGFIMGILEEFKAILGITDR---VRLELRLLKTKAASISLRRKVIRLSKYVLPKLDEISLKYLVFHELVHLKRTIHHTKEFYELIYSVFDK------EMVKR-AEER	0.09090909090909091	21
MGYP000026369544	--SRELIVKTLEELKAILGITDK---VKLELRPLKTKAASISIKKRVIRLNKYVVSRLDEVSLRYLILHELVHLKLGTYHTKDFYETMYRV-SDRETV-----RK-SEER	0.10909090909090909	21
1321|scaffold_2689_c1_2|+2667|00	--SRELIVKTLEELKAILGITDK---VKLELRPLKTKAASISIKKRVIRLNKYVVSRLDEVSLRYLILHELLHLKLGTYHTKDFYETMYRV-SDRETV-----RK-SEER	0.10909090909090909	21
MGYP000421496186	---RERLLRILKEAKKMVGVNE---NVRIVLCPMKRKIASISLRTRIIRLNKNVIPKLSDEVIRYLLVHELIHFKIKTLHNSAFLEELERVYP-----------------	0.20909090909090908	-1
MGYP000636768724	MSLSASLKRLLEEAKSITGVDG---NVRILLYPMKHKLASISLKTRTIRLNKHIALKLSEETLRYVIVHELIHLKLKTVHSLAFHKELEKIYP--ASVRERIERDI----	0.08181818181818182	-1
uvig_447268_116	------LENVFEEIRIETGLVPEDYSI-IQNSKEMAK---FDFDKKEIYINSKIME-LDENCIRYIIIHELCHLKY-KTHAKSFYKLLQKYFPKYE--------------	0.23636363636363636	14
uvig_429277_117	------LENIFEEIRIETGLAPEDYSIDYNIKEM----AKFDFEKKEIYINSKIME-LEESCIKYIVIHELCHLKY-KTHAKSFYNLVKKYFPKYE--------------	0.23636363636363636	14
MGYP000361964166	------INEYMEKWSLILNVKPKGYKLR----KMKTLWGSCNITKQTILFNTELAKK-SNQAIEYVVVHELMHLIE-KYHNKRFYSLLDYYYPNW---------------	0.24545454545454545	6
688.fasta_scaffold02568_20	--DKK-IDQIFHDRYEQMKLREYKIIPKLAIRKMRKRWGSF-LGKVTIILNPRLIHA-SKDCIDYVIVHELCHMKY-KNHDNNFYTLLKRQCPKWKKI------------	0.16363636363636364	-1
MGYP000876807057	-----IIKDSVKEYADKLNLYPNK----VRIRDIKYAWGSCS-TNKNITINKQLAIK-EEDVIKYVVLHEMCHLKY-MNHSKDFWDLVESIMPEY---------------	0.24545454545454545	6
