SequenceName	superkingdom	phylum	class	order	family	genus	species
WP_048079952.1	Archaea	Euryarchaeota	Methanobacteria	Methanobacteriales	Methanobacteriaceae	Methanobacterium	
WP_069585250.1	Archaea	Euryarchaeota	Methanobacteria	Methanobacteriales	Methanobacteriaceae	Methanobacterium	
WP_013296268.1	Archaea	Euryarchaeota	Methanobacteria	Methanobacteriales	Methanobacteriaceae	Methanothermobacter	Methanothermobacter marburgensis
WP_048175684.1	Archaea	Euryarchaeota	Methanobacteria	Methanobacteriales	Methanobacteriaceae	Methanothermobacter	Methanothermobacter sp. CaT2
WP_010876719.1	Archaea	Euryarchaeota	Methanobacteria	Methanobacteriales	Methanobacteriaceae	Methanothermobacter	Methanothermobacter thermautotrophicus
WP_012107043.1	Archaea	Euryarchaeota	Methanomicrobia	Methanomicrobiales	Methanoregulaceae	Methanoregula	Methanoregula boonei
WP_048068675.1	Archaea	Euryarchaeota	Methanomicrobia	Methanomicrobiales	Methanoregulaceae	Methanoregula	Methanoregula boonei
WP_012618292.1	Archaea	Euryarchaeota	Methanomicrobia	Methanomicrobiales	Methanoregulaceae	Methanosphaerula	Methanosphaerula palustris
WP_012618293.1	Archaea	Euryarchaeota	Methanomicrobia	Methanomicrobiales	Methanoregulaceae	Methanosphaerula	Methanosphaerula palustris
WP_048106620.1	Archaea	Euryarchaeota	Methanomicrobia	Methanosarcinales	Methanosarcinaceae	Methanosarcina	Methanosarcina barkeri
WP_048106622.1	Archaea	Euryarchaeota	Methanomicrobia	Methanosarcinales	Methanosarcinaceae	Methanosarcina	Methanosarcina barkeri
WP_048136808.1	Archaea	Euryarchaeota	Methanomicrobia	Methanosarcinales	Methanosarcinaceae	Methanosarcina	Methanosarcina horonobensis
WP_048136809.1	Archaea	Euryarchaeota	Methanomicrobia	Methanosarcinales	Methanosarcinaceae	Methanosarcina	Methanosarcina horonobensis
WP_011033041.1	Archaea	Euryarchaeota	Methanomicrobia	Methanosarcinales	Methanosarcinaceae	Methanosarcina	Methanosarcina mazei
WP_011033040.1	Archaea	Euryarchaeota	Methanomicrobia	Methanosarcinales	Methanosarcinaceae	Methanosarcina	Methanosarcina mazei
WP_068045126.1	Bacteria	Actinobacteria	Actinomycetia	Corynebacteriales	Mycobacteriaceae	Mycobacterium	Mycobacterium sp. E2733
WP_014816167.1	Bacteria	Actinobacteria	Actinomycetia	Corynebacteriales	Mycobacteriaceae	Mycolicibacterium	Mycolicibacterium chubuense
WP_056541730.1	Bacteria	Actinobacteria	Actinomycetia	Propionibacteriales	Nocardioidaceae	Marmoricola	Marmoricola sp. Leaf446
WP_051276589.1	Bacteria	Actinobacteria	Actinomycetia	Propionibacteriales	Nocardioidaceae	Marmoricola	Marmoricola sp. URHB0036
WP_030622610.1	Bacteria	Actinobacteria	Actinomycetia	Streptomycetales	Streptomycetaceae	Streptomyces	Streptomyces sclerotialus
WP_074238356.1	Bacteria	Bacteroidetes	Chitinophagia	Chitinophagales	Chitinophagaceae	Chitinophaga	Chitinophaga niabensis
WP_074238355.1	Bacteria	Bacteroidetes	Chitinophagia	Chitinophagales	Chitinophagaceae	Chitinophaga	Chitinophaga niabensis
WP_012791955.1	Bacteria	Bacteroidetes	Chitinophagia	Chitinophagales	Chitinophagaceae	Chitinophaga	Chitinophaga pinensis
WP_012791956.1	Bacteria	Bacteroidetes	Chitinophagia	Chitinophagales	Chitinophagaceae	Chitinophaga	Chitinophaga pinensis
WP_073041732.1	Bacteria	Bacteroidetes	Chitinophagia	Chitinophagales	Chitinophagaceae	Cnuella	Cnuella takakiae
WP_073041734.1	Bacteria	Bacteroidetes	Chitinophagia	Chitinophagales	Chitinophagaceae	Cnuella	Cnuella takakiae
WP_072836416.1	Bacteria	Bacteroidetes	Chitinophagia	Chitinophagales	Chitinophagaceae	Flavisolibacter	Flavisolibacter ginsengisoli
WP_072836415.1	Bacteria	Bacteroidetes	Chitinophagia	Chitinophagales	Chitinophagaceae	Flavisolibacter	Flavisolibacter ginsengisoli
WP_014219426.1	Bacteria	Bacteroidetes	Chitinophagia	Chitinophagales	Chitinophagaceae	Niastella	Niastella koreensis
WP_014219425.1	Bacteria	Bacteroidetes	Chitinophagia	Chitinophagales	Chitinophagaceae	Niastella	Niastella koreensis
WP_073140629.1	Bacteria	Bacteroidetes	Cytophagia	Cytophagales	Fulvivirgaceae	Chryseolinea	Chryseolinea serpens
WP_070746446.1	Bacteria	Bacteroidetes	Cytophagia	Cytophagales	Hymenobacteraceae	Hymenobacter	Hymenobacter coccineus
WP_070732023.1	Bacteria	Bacteroidetes	Cytophagia	Cytophagales	Hymenobacteraceae	Hymenobacter	Hymenobacter glacialis
WP_070730252.1	Bacteria	Bacteroidetes	Cytophagia	Cytophagales	Hymenobacteraceae	Hymenobacter	Hymenobacter lapidarius
WP_070730253.1	Bacteria	Bacteroidetes	Cytophagia	Cytophagales	Hymenobacteraceae	Hymenobacter	Hymenobacter lapidarius
WP_022825848.1	Bacteria	Bacteroidetes	Cytophagia	Cytophagales	Hymenobacteraceae	Hymenobacter	Hymenobacter norwichensis
WP_073282694.1	Bacteria	Bacteroidetes	Cytophagia	Cytophagales	Hymenobacteraceae	Hymenobacter	Hymenobacter psychrotolerans
WP_073283019.1	Bacteria	Bacteroidetes	Cytophagia	Cytophagales	Hymenobacteraceae	Hymenobacter	Hymenobacter psychrotolerans
WP_068192052.1	Bacteria	Bacteroidetes	Cytophagia	Cytophagales	Hymenobacteraceae	Hymenobacter	Hymenobacter sedentarius
WP_068192051.1	Bacteria	Bacteroidetes	Cytophagia	Cytophagales	Hymenobacteraceae	Hymenobacter	Hymenobacter sedentarius
WP_068343858.1	Bacteria	Bacteroidetes	Cytophagia	Cytophagales	Hymenobacteraceae	Hymenobacter	Hymenobacter sp. PAMC 26554
WP_068342312.1	Bacteria	Bacteroidetes	Cytophagia	Cytophagales	Hymenobacteraceae	Hymenobacter	Hymenobacter sp. PAMC 26554
WP_068234911.1	Bacteria	Bacteroidetes	Cytophagia	Cytophagales	Hymenobacteraceae	Hymenobacter	Hymenobacter sp. PAMC 26628
WP_052346476.1	Bacteria	Bacteroidetes	Cytophagia	Cytophagales	Hymenobacteraceae	Hymenobacter	Hymenobacter swuensis
WP_046243740.1	Bacteria	Bacteroidetes	Cytophagia	Cytophagales	Hymenobacteraceae	Hymenobacter	Hymenobacter terrenus
WP_045690277.1	Bacteria	Bacteroidetes	Cytophagia	Cytophagales	Hymenobacteraceae	Hymenobacter	
WP_045690276.1	Bacteria	Bacteroidetes	Cytophagia	Cytophagales	Hymenobacteraceae	Hymenobacter	
WP_026629889.1	Bacteria	Bacteroidetes	Cytophagia	Cytophagales	Spirosomaceae	Dyadobacter	Dyadobacter alkalitolerans
WP_019942727.1	Bacteria	Bacteroidetes	Cytophagia	Cytophagales	Spirosomaceae	Dyadobacter	Dyadobacter beijingensis
WP_031525453.1	Bacteria	Bacteroidetes	Cytophagia	Cytophagales	Spirosomaceae	Dyadobacter	Dyadobacter crusticola
WP_031525455.1	Bacteria	Bacteroidetes	Cytophagia	Cytophagales	Spirosomaceae	Dyadobacter	Dyadobacter crusticola
WP_056281677.1	Bacteria	Bacteroidetes	Cytophagia	Cytophagales	Spirosomaceae	Dyadobacter	Dyadobacter sp. Leaf189
WP_056281676.1	Bacteria	Bacteroidetes	Cytophagia	Cytophagales	Spirosomaceae	Dyadobacter	Dyadobacter sp. Leaf189
WP_026629890.1	Bacteria	Bacteroidetes	Cytophagia	Cytophagales	Spirosomaceae	Dyadobacter	
WP_015329782.1	Bacteria	Bacteroidetes	Cytophagia	Cytophagales	Spirosomaceae	Fibrella	Fibrella aestuarina
WP_015329783.1	Bacteria	Bacteroidetes	Cytophagia	Cytophagales	Spirosomaceae	Fibrella	Fibrella aestuarina
WP_034235252.1	Bacteria	Bacteroidetes	Flavobacteriia	Flavobacteriales	Flavobacteriaceae	Arenibacter	Arenibacter certesii
WP_055092896.1	Bacteria	Bacteroidetes	Flavobacteriia	Flavobacteriales	Flavobacteriaceae	Flavobacterium	Flavobacterium aquidurense
WP_072953995.1	Bacteria	Bacteroidetes	Flavobacteriia	Flavobacteriales	Flavobacteriaceae	Flavobacterium	Flavobacterium aquidurense
WP_074657902.1	Bacteria	Bacteroidetes	Flavobacteriia	Flavobacteriales	Flavobacteriaceae	Flavobacterium	Flavobacterium frigidimaris
WP_012025986.1	Bacteria	Bacteroidetes	Flavobacteriia	Flavobacteriales	Flavobacteriaceae	Flavobacterium	Flavobacterium johnsoniae
WP_012025985.1	Bacteria	Bacteroidetes	Flavobacteriia	Flavobacteriales	Flavobacteriaceae	Flavobacterium	Flavobacterium johnsoniae
WP_073393943.1	Bacteria	Bacteroidetes	Flavobacteriia	Flavobacteriales	Flavobacteriaceae	Flavobacterium	Flavobacterium pectinovorum
WP_035680083.1	Bacteria	Bacteroidetes	Flavobacteriia	Flavobacteriales	Flavobacteriaceae	Flavobacterium	Flavobacterium reichenbachii
WP_035680081.1	Bacteria	Bacteroidetes	Flavobacteriia	Flavobacteriales	Flavobacteriaceae	Flavobacterium	Flavobacterium reichenbachii
WP_020214537.1	Bacteria	Bacteroidetes	Flavobacteriia	Flavobacteriales	Flavobacteriaceae	Flavobacterium	Flavobacterium rivuli
WP_056251786.1	Bacteria	Bacteroidetes	Flavobacteriia	Flavobacteriales	Flavobacteriaceae	Flavobacterium	Flavobacterium sp. Leaf82
WP_042563731.1	Bacteria	Bacteroidetes	Flavobacteriia	Flavobacteriales	Flavobacteriaceae	Flavobacterium	Flavobacterium sp. MEB061
WP_056198644.1	Bacteria	Bacteroidetes	Flavobacteriia	Flavobacteriales	Flavobacteriaceae	Flavobacterium	Flavobacterium sp. Root186
WP_056184998.1	Bacteria	Bacteroidetes	Flavobacteriia	Flavobacteriales	Flavobacteriaceae	Flavobacterium	Flavobacterium sp. Root420
WP_056184994.1	Bacteria	Bacteroidetes	Flavobacteriia	Flavobacteriales	Flavobacteriaceae	Flavobacterium	Flavobacterium sp. Root420
WP_057123292.1	Bacteria	Bacteroidetes	Flavobacteriia	Flavobacteriales	Flavobacteriaceae	Flavobacterium	Flavobacterium sp. Root901
WP_026992676.1	Bacteria	Bacteroidetes	Flavobacteriia	Flavobacteriales	Flavobacteriaceae	Flavobacterium	Flavobacterium subsaxonicum
WP_026992675.1	Bacteria	Bacteroidetes	Flavobacteriia	Flavobacteriales	Flavobacteriaceae	Flavobacterium	Flavobacterium subsaxonicum
WP_029269873.1	Bacteria	Bacteroidetes	Flavobacteriia	Flavobacteriales	Flavobacteriaceae	Flavobacterium	
WP_065449742.1	Bacteria	Bacteroidetes	Flavobacteriia	Flavobacteriales	Flavobacteriaceae	Flavobacterium	
WP_031456493.1	Bacteria	Bacteroidetes	Flavobacteriia	Flavobacteriales	Flavobacteriaceae	Flavobacterium	
WP_053474502.1	Bacteria	Bacteroidetes	Flavobacteriia	Flavobacteriales	Flavobacteriaceae	Flavobacterium	
WP_057118272.1	Bacteria	Bacteroidetes	Flavobacteriia	Flavobacteriales	Flavobacteriaceae	Flavobacterium	
WP_031456492.1	Bacteria	Bacteroidetes	Flavobacteriia	Flavobacteriales	Flavobacteriaceae	Flavobacterium	
WP_072953993.1	Bacteria	Bacteroidetes	Flavobacteriia	Flavobacteriales	Flavobacteriaceae	Flavobacterium	
WP_059118754.1	Bacteria	Bacteroidetes	Flavobacteriia	Flavobacteriales	Flavobacteriaceae		Flavobacteriaceae bacterium CRH
WP_069661042.1	Bacteria	Bacteroidetes	Sphingobacteriia	Sphingobacteriales	Sphingobacteriaceae	Arcticibacter	Arcticibacter eurypsychrophilus
WP_016196609.1	Bacteria	Bacteroidetes	Sphingobacteriia	Sphingobacteriales	Sphingobacteriaceae	Arcticibacter	Arcticibacter svalbardensis
WP_036678169.1	Bacteria	Bacteroidetes	Sphingobacteriia	Sphingobacteriales	Sphingobacteriaceae	Daejeonella	Daejeonella oryzae
WP_051189464.1	Bacteria	Bacteroidetes	Sphingobacteriia	Sphingobacteriales	Sphingobacteriaceae	Daejeonella	Daejeonella oryzae
WP_074489241.1	Bacteria	Bacteroidetes	Sphingobacteriia	Sphingobacteriales	Sphingobacteriaceae	Mucilaginibacter	Mucilaginibacter polytrichastri
WP_074489240.1	Bacteria	Bacteroidetes	Sphingobacteriia	Sphingobacteriales	Sphingobacteriaceae	Mucilaginibacter	Mucilaginibacter polytrichastri
WP_067056237.1	Bacteria	Bacteroidetes	Sphingobacteriia	Sphingobacteriales	Sphingobacteriaceae	Mucilaginibacter	Mucilaginibacter sp. L294
WP_067056240.1	Bacteria	Bacteroidetes	Sphingobacteriia	Sphingobacteriales	Sphingobacteriaceae	Mucilaginibacter	Mucilaginibacter sp. L294
WP_067195454.1	Bacteria	Bacteroidetes	Sphingobacteriia	Sphingobacteriales	Sphingobacteriaceae	Mucilaginibacter	Mucilaginibacter sp. PAMC 26640
WP_067195457.1	Bacteria	Bacteroidetes	Sphingobacteriia	Sphingobacteriales	Sphingobacteriaceae	Mucilaginibacter	Mucilaginibacter sp. PAMC 26640
WP_066005466.1	Bacteria	Bacteroidetes	Sphingobacteriia	Sphingobacteriales	Sphingobacteriaceae	Mucilaginibacter	Mucilaginibacter sp. PPCGB 2223
WP_066005469.1	Bacteria	Bacteroidetes	Sphingobacteriia	Sphingobacteriales	Sphingobacteriaceae	Mucilaginibacter	Mucilaginibacter sp. PPCGB 2223
WP_029280343.1	Bacteria	Bacteroidetes	Sphingobacteriia	Sphingobacteriales	Sphingobacteriaceae	Pedobacter	Pedobacter borealis
WP_057933157.1	Bacteria	Bacteroidetes	Sphingobacteriia	Sphingobacteriales	Sphingobacteriaceae	Pedobacter	Pedobacter ginsenosidimutans
WP_057933158.1	Bacteria	Bacteroidetes	Sphingobacteriia	Sphingobacteriales	Sphingobacteriaceae	Pedobacter	Pedobacter ginsenosidimutans
WP_048907088.1	Bacteria	Bacteroidetes	Sphingobacteriia	Sphingobacteriales	Sphingobacteriaceae	Pedobacter	Pedobacter sp. V48
WP_048907089.1	Bacteria	Bacteroidetes	Sphingobacteriia	Sphingobacteriales	Sphingobacteriaceae	Pedobacter	Pedobacter sp. V48
WP_006929402.1	Bacteria	Calditrichaeota	Calditrichia	Calditrichales	Calditrichaceae	Caldithrix	Caldithrix abyssi
WP_012498631.1	Bacteria	Chlorobi	Chlorobia	Chlorobiales	Chlorobiaceae	Chloroherpeton	Chloroherpeton thalassium
WP_012500897.1	Bacteria	Chlorobi	Chlorobia	Chlorobiales	Chlorobiaceae	Chloroherpeton	Chloroherpeton thalassium
WP_012616634.1	Bacteria	Chloroflexi	Chloroflexia	Chloroflexales	Chloroflexaceae	Chloroflexus	Chloroflexus aggregans
WP_012616633.1	Bacteria	Chloroflexi	Chloroflexia	Chloroflexales	Chloroflexaceae	Chloroflexus	Chloroflexus aggregans
WP_012615923.1	Bacteria	Chloroflexi	Chloroflexia	Chloroflexales	Chloroflexaceae	Chloroflexus	Chloroflexus aggregans
WP_012258355.1	Bacteria	Chloroflexi	Chloroflexia	Chloroflexales	Chloroflexaceae	Chloroflexus	Chloroflexus aurantiacus
WP_066783385.1	Bacteria	Chloroflexi	Chloroflexia	Chloroflexales	Chloroflexaceae	Chloroflexus	Chloroflexus islandicus
WP_031459921.1	Bacteria	Chloroflexi	Chloroflexia	Chloroflexales	Chloroflexaceae	Chloroflexus	Chloroflexus sp. MS-G
WP_031460576.1	Bacteria	Chloroflexi	Chloroflexia	Chloroflexales	Chloroflexaceae	Chloroflexus	Chloroflexus sp. MS-G
WP_028456965.1	Bacteria	Chloroflexi	Chloroflexia	Chloroflexales	Chloroflexaceae	Chloroflexus	Chloroflexus sp. Y-396-1
WP_006562602.1	Bacteria	Chloroflexi	Chloroflexia	Chloroflexales	Oscillochloridaceae	Oscillochloris	Oscillochloris trichoides
WP_006563391.1	Bacteria	Chloroflexi	Chloroflexia	Chloroflexales	Oscillochloridaceae	Oscillochloris	Oscillochloris trichoides
WP_012122601.1	Bacteria	Chloroflexi	Chloroflexia	Chloroflexales	Roseiflexaceae	Roseiflexus	Roseiflexus castenholzii
WP_008276874.1	Bacteria	Cyanobacteria		Chroococcales	Aphanothecaceae	Crocosphaera	Crocosphaera chwakensis
WP_008277690.1	Bacteria	Cyanobacteria		Chroococcales	Aphanothecaceae	Crocosphaera	Crocosphaera chwakensis
WP_008275941.1	Bacteria	Cyanobacteria		Chroococcales	Aphanothecaceae	Crocosphaera	Crocosphaera chwakensis
WP_007304479.1	Bacteria	Cyanobacteria		Chroococcales	Aphanothecaceae	Crocosphaera	Crocosphaera watsonii
WP_015955004.1	Bacteria	Cyanobacteria		Chroococcales	Aphanothecaceae	Gloeothece	Gloeothece citriformis
WP_012598008.1	Bacteria	Cyanobacteria		Chroococcales	Aphanothecaceae	Gloeothece	Gloeothece citriformis
WP_041237876.1	Bacteria	Cyanobacteria		Chroococcales	Aphanothecaceae	Gloeothece	Gloeothece citriformis
WP_013323582.1	Bacteria	Cyanobacteria		Chroococcales	Aphanothecaceae	Gloeothece	Gloeothece verrucosa
WP_013323438.1	Bacteria	Cyanobacteria		Chroococcales	Aphanothecaceae	Gloeothece	Gloeothece verrucosa
WP_013325372.1	Bacteria	Cyanobacteria		Chroococcales	Aphanothecaceae	Gloeothece	Gloeothece verrucosa
WP_013323583.1	Bacteria	Cyanobacteria		Chroococcales	Aphanothecaceae	Gloeothece	Gloeothece verrucosa
WP_041933658.1	Bacteria	Cyanobacteria		Chroococcales	Aphanothecaceae	Gloeothece	Gloeothece verrucosa
WP_015225154.1	Bacteria	Cyanobacteria		Chroococcales	Aphanothecaceae	Halothece	Halothece sp. PCC 7418
WP_015224553.1	Bacteria	Cyanobacteria		Chroococcales	Aphanothecaceae	Halothece	Halothece sp. PCC 7418
WP_022607307.1	Bacteria	Cyanobacteria		Chroococcales	Aphanothecaceae	Rubidibacter	Rubidibacter lacunae
WP_022608291.1	Bacteria	Cyanobacteria		Chroococcales	Aphanothecaceae	Rubidibacter	Rubidibacter lacunae
WP_073550873.1	Bacteria	Cyanobacteria		Chroococcales	Chroococcaceae	Chroogloeocystis	Chroogloeocystis siderophila
WP_066348208.1	Bacteria	Cyanobacteria		Chroococcales	Chroococcaceae	Geminocystis	Geminocystis sp. NIES-3708
WP_066347323.1	Bacteria	Cyanobacteria		Chroococcales	Chroococcaceae	Geminocystis	Geminocystis sp. NIES-3708
WP_066348209.1	Bacteria	Cyanobacteria		Chroococcales	Chroococcaceae	Geminocystis	Geminocystis sp. NIES-3708
WP_066121263.1	Bacteria	Cyanobacteria		Chroococcales	Chroococcaceae	Geminocystis	Geminocystis sp. NIES-3709
WP_066119027.1	Bacteria	Cyanobacteria		Chroococcales	Chroococcaceae	Geminocystis	Geminocystis sp. NIES-3709
WP_066121260.1	Bacteria	Cyanobacteria		Chroococcales	Chroococcaceae	Geminocystis	Geminocystis sp. NIES-3709
WP_006528967.1	Bacteria	Cyanobacteria		Chroococcales	Chroococcaceae	Gloeocapsa	Gloeocapsa sp. PCC 73106
WP_006527371.1	Bacteria	Cyanobacteria		Chroococcales	Chroococcaceae	Gloeocapsa	Gloeocapsa sp. PCC 73106
WP_015220648.1	Bacteria	Cyanobacteria		Chroococcales	Geminocystaceae	Cyanobacterium	Cyanobacterium aponinum
WP_015221081.1	Bacteria	Cyanobacteria		Chroococcales	Geminocystaceae	Cyanobacterium	Cyanobacterium aponinum
WP_069790679.1	Bacteria	Cyanobacteria		Chroococcales	Geminocystaceae	Cyanobacterium	
WP_002757114.1	Bacteria	Cyanobacteria		Chroococcales	Microcystaceae	Microcystis	Microcystis aeruginosa
WP_045358369.1	Bacteria	Cyanobacteria		Chroococcales	Microcystaceae	Microcystis	Microcystis aeruginosa
WP_036401094.1	Bacteria	Cyanobacteria		Chroococcales	Microcystaceae	Microcystis	Microcystis aeruginosa
WP_045056179.1	Bacteria	Cyanobacteria		Chroococcidiopsidales	Chroococcidiopsidaceae	Aliterella	Aliterella atlantica
WP_041463238.1	Bacteria	Cyanobacteria		Chroococcidiopsidales	Chroococcidiopsidaceae	Chroococcidiopsis	
WP_015155201.1	Bacteria	Cyanobacteria		Chroococcidiopsidales	Chroococcidiopsidaceae	Chroococcidiopsis	
WP_071455440.1	Bacteria	Cyanobacteria		Gloeomargaritales	Gloeomargaritaceae	Gloeomargarita	Gloeomargarita lithophora
WP_061545689.1	Bacteria	Cyanobacteria		Nostocales	Aphanizomenonaceae	Cylindrospermopsis	Cylindrospermopsis raciborskii
WP_009344093.1	Bacteria	Cyanobacteria		Nostocales	Aphanizomenonaceae	Cylindrospermopsis	Cylindrospermopsis raciborskii
WP_009343555.1	Bacteria	Cyanobacteria		Nostocales	Aphanizomenonaceae	Cylindrospermopsis	Cylindrospermopsis raciborskii
WP_071242571.1	Bacteria	Cyanobacteria		Nostocales	Aphanizomenonaceae	Cylindrospermopsis	Cylindrospermopsis raciborskii
WP_028085407.1	Bacteria	Cyanobacteria		Nostocales	Aphanizomenonaceae	Dolichospermum	Dolichospermum circinale
WP_006198954.1	Bacteria	Cyanobacteria		Nostocales	Aphanizomenonaceae	Nodularia	Nodularia spumigena
WP_042202243.1	Bacteria	Cyanobacteria		Nostocales	Aphanizomenonaceae	Nodularia	Nodularia spumigena
WP_027401468.1	Bacteria	Cyanobacteria		Nostocales	Aphanizomenonaceae		
WP_035155581.1	Bacteria	Cyanobacteria		Nostocales	Calotrichaceae	Calothrix	Calothrix sp. 336/3
WP_035153555.1	Bacteria	Cyanobacteria		Nostocales	Calotrichaceae	Calothrix	Calothrix sp. 336/3
WP_073620386.1	Bacteria	Cyanobacteria		Nostocales	Calotrichaceae	Calothrix	Calothrix sp. HK-06
WP_015197563.1	Bacteria	Cyanobacteria		Nostocales	Calotrichaceae	Calothrix	Calothrix sp. PCC 6303
WP_015198880.1	Bacteria	Cyanobacteria		Nostocales	Calotrichaceae	Calothrix	Calothrix sp. PCC 6303
WP_042341684.1	Bacteria	Cyanobacteria		Nostocales	Calotrichaceae	Calothrix	Calothrix sp. PCC 7507
WP_026087735.1	Bacteria	Cyanobacteria		Nostocales	Chlorogloeopsidaceae	Chlorogloeopsis	Chlorogloeopsis fritschii
WP_016873319.1	Bacteria	Cyanobacteria		Nostocales	Chlorogloeopsidaceae	Chlorogloeopsis	Chlorogloeopsis fritschii
WP_017654380.1	Bacteria	Cyanobacteria		Nostocales	Fortieaceae	Fortiea	Fortiea contorta
WP_026733760.1	Bacteria	Cyanobacteria		Nostocales	Hapalosiphonaceae	Fischerella	Fischerella sp. PCC 9605
WP_026735046.1	Bacteria	Cyanobacteria		Nostocales	Hapalosiphonaceae	Fischerella	Fischerella sp. PCC 9605
WP_026086155.1	Bacteria	Cyanobacteria		Nostocales	Hapalosiphonaceae	Fischerella	
WP_053456629.1	Bacteria	Cyanobacteria		Nostocales	Hapalosiphonaceae	Hapalosiphon	Hapalosiphon sp. MRB220
WP_053456630.1	Bacteria	Cyanobacteria		Nostocales	Hapalosiphonaceae	Hapalosiphon	Hapalosiphon sp. MRB220
WP_044450425.1	Bacteria	Cyanobacteria		Nostocales	Hapalosiphonaceae	Mastigocladus	Mastigocladus laminosus
WP_044450426.1	Bacteria	Cyanobacteria		Nostocales	Hapalosiphonaceae	Mastigocladus	Mastigocladus laminosus
WP_027844016.1	Bacteria	Cyanobacteria		Nostocales	Hapalosiphonaceae	Mastigocoleus	Mastigocoleus testarum
WP_027844285.1	Bacteria	Cyanobacteria		Nostocales	Hapalosiphonaceae	Mastigocoleus	Mastigocoleus testarum
WP_017309280.1	Bacteria	Cyanobacteria		Nostocales	Hapalosiphonaceae		
WP_042466071.1	Bacteria	Cyanobacteria		Nostocales	Nostocaceae	Anabaena	Anabaena cylindrica
WP_066376061.1	Bacteria	Cyanobacteria		Nostocales	Nostocaceae	Anabaena	Anabaena sp. CA = ATCC 33047
WP_042491031.1	Bacteria	Cyanobacteria		Nostocales	Nostocaceae	Anabaena	Anabaena sp. PCC 7108
WP_016951934.1	Bacteria	Cyanobacteria		Nostocales	Nostocaceae	Anabaena	Anabaena sp. PCC 7108
WP_015208188.1	Bacteria	Cyanobacteria		Nostocales	Nostocaceae	Cylindrospermum	Cylindrospermum stagnale
WP_015207247.1	Bacteria	Cyanobacteria		Nostocales	Nostocaceae	Cylindrospermum	Cylindrospermum stagnale
WP_015208187.1	Bacteria	Cyanobacteria		Nostocales	Nostocaceae	Cylindrospermum	Cylindrospermum stagnale
WP_073643454.1	Bacteria	Cyanobacteria		Nostocales	Nostocaceae	Nostoc	Nostoc calcicola
WP_062294573.1	Bacteria	Cyanobacteria		Nostocales	Nostocaceae	Nostoc	Nostoc piscinale
WP_012409411.1	Bacteria	Cyanobacteria		Nostocales	Nostocaceae	Nostoc	Nostoc punctiforme
WP_069073793.1	Bacteria	Cyanobacteria		Nostocales	Nostocaceae	Nostoc	Nostoc sp. KVJ20
WP_067769266.1	Bacteria	Cyanobacteria		Nostocales	Nostocaceae	Nostoc	Nostoc sp. NIES-3756
WP_015112789.1	Bacteria	Cyanobacteria		Nostocales	Nostocaceae	Nostoc	Nostoc sp. PCC 7107
WP_015138910.1	Bacteria	Cyanobacteria		Nostocales	Nostocaceae	Nostoc	Nostoc sp. PCC 7524
WP_015138909.1	Bacteria	Cyanobacteria		Nostocales	Nostocaceae	Nostoc	Nostoc sp. PCC 7524
WP_015140978.1	Bacteria	Cyanobacteria		Nostocales	Nostocaceae	Nostoc	Nostoc sp. PCC 7524
WP_067769264.1	Bacteria	Cyanobacteria		Nostocales	Nostocaceae	Nostoc	
WP_067763282.1	Bacteria	Cyanobacteria		Nostocales	Nostocaceae	Nostoc	
WP_067768554.1	Bacteria	Cyanobacteria		Nostocales	Nostocaceae	Nostoc	
WP_008235844.1	Bacteria	Cyanobacteria		Nostocales	Nostocaceae	Richelia	Richelia intracellularis
WP_013189697.1	Bacteria	Cyanobacteria		Nostocales	Nostocaceae	Trichormus	Trichormus azollae
WP_071191151.1	Bacteria	Cyanobacteria		Nostocales	Nostocaceae	Trichormus	Trichormus sp. NMC-1
WP_016952340.1	Bacteria	Cyanobacteria		Nostocales	Nostocaceae		
WP_010997479.1	Bacteria	Cyanobacteria		Nostocales	Nostocaceae		
WP_015119207.1	Bacteria	Cyanobacteria		Nostocales	Rivulariaceae	Rivularia	Rivularia sp. PCC 7116
WP_015121464.1	Bacteria	Cyanobacteria		Nostocales	Rivulariaceae	Rivularia	Rivularia sp. PCC 7116
WP_044291332.1	Bacteria	Cyanobacteria		Nostocales	Rivulariaceae	Rivularia	Rivularia sp. PCC 7116
WP_017747667.1	Bacteria	Cyanobacteria		Nostocales	Scytonemataceae	Scytonema	Scytonema hofmannii
WP_026135215.1	Bacteria	Cyanobacteria		Nostocales	Scytonemataceae	Scytonema	Scytonema hofmannii
WP_069351465.1	Bacteria	Cyanobacteria		Nostocales	Scytonemataceae	Scytonema	Scytonema millei
WP_069349423.1	Bacteria	Cyanobacteria		Nostocales	Scytonemataceae	Scytonema	Scytonema millei
WP_073627870.1	Bacteria	Cyanobacteria		Nostocales	Scytonemataceae	Scytonema	Scytonema sp. HK-05
WP_048868183.1	Bacteria	Cyanobacteria		Nostocales	Scytonemataceae	Scytonema	Scytonema tolypothrichoides
WP_048871766.1	Bacteria	Cyanobacteria		Nostocales	Scytonemataceae	Scytonema	Scytonema tolypothrichoides
WP_048868103.1	Bacteria	Cyanobacteria		Nostocales	Scytonemataceae		
WP_017320253.1	Bacteria	Cyanobacteria		Nostocales	Stigonemataceae		cyanobacterium PCC 7702
WP_026101470.1	Bacteria	Cyanobacteria		Nostocales	Stigonemataceae		cyanobacterium PCC 7702
WP_026082598.1	Bacteria	Cyanobacteria		Nostocales	Symphyonemataceae	Mastigocladopsis	Mastigocladopsis repens
WP_017315228.1	Bacteria	Cyanobacteria		Nostocales	Symphyonemataceae	Mastigocladopsis	Mastigocladopsis repens
WP_038076960.1	Bacteria	Cyanobacteria		Nostocales	Tolypothrichaceae	Tolypothrix	Tolypothrix bouteillei
WP_041032657.1	Bacteria	Cyanobacteria		Nostocales	Tolypothrichaceae	Tolypothrix	Tolypothrix campylonemoides
WP_041038323.1	Bacteria	Cyanobacteria		Nostocales	Tolypothrichaceae	Tolypothrix	Tolypothrix campylonemoides
WP_062294773.1	Bacteria	Cyanobacteria		Nostocales			
WP_028083970.1	Bacteria	Cyanobacteria		Nostocales			
WP_029633055.1	Bacteria	Cyanobacteria		Nostocales			
WP_019495861.1	Bacteria	Cyanobacteria		Nostocales			
WP_053541198.1	Bacteria	Cyanobacteria		Nostocales			
WP_029632136.1	Bacteria	Cyanobacteria		Nostocales			
WP_041780194.1	Bacteria	Cyanobacteria		Oscillatoriales	Coleofasciculaceae	Allocoleopsis	Allocoleopsis franciscana
WP_015184638.1	Bacteria	Cyanobacteria		Oscillatoriales	Coleofasciculaceae	Allocoleopsis	Allocoleopsis franciscana
WP_015180367.1	Bacteria	Cyanobacteria		Oscillatoriales	Coleofasciculaceae	Allocoleopsis	Allocoleopsis franciscana
WP_015185581.1	Bacteria	Cyanobacteria		Oscillatoriales	Coleofasciculaceae	Allocoleopsis	Allocoleopsis franciscana
WP_006104052.1	Bacteria	Cyanobacteria		Oscillatoriales	Coleofasciculaceae	Coleofasciculus	Coleofasciculus chthonoplastes
WP_006099669.1	Bacteria	Cyanobacteria		Oscillatoriales	Coleofasciculaceae	Coleofasciculus	Coleofasciculus chthonoplastes
WP_006106192.1	Bacteria	Cyanobacteria		Oscillatoriales	Coleofasciculaceae	Coleofasciculus	Coleofasciculus chthonoplastes
WP_044210886.1	Bacteria	Cyanobacteria		Oscillatoriales	Coleofasciculaceae	Coleofasciculus	Coleofasciculus chthonoplastes
WP_006105648.1	Bacteria	Cyanobacteria		Oscillatoriales	Coleofasciculaceae	Coleofasciculus	Coleofasciculus chthonoplastes
WP_006099739.1	Bacteria	Cyanobacteria		Oscillatoriales	Coleofasciculaceae	Coleofasciculus	Coleofasciculus chthonoplastes
WP_015171865.1	Bacteria	Cyanobacteria		Oscillatoriales	Coleofasciculaceae	Geitlerinema	Geitlerinema sp. PCC 7407
WP_015173245.1	Bacteria	Cyanobacteria		Oscillatoriales	Coleofasciculaceae	Geitlerinema	Geitlerinema sp. PCC 7407
WP_015173271.1	Bacteria	Cyanobacteria		Oscillatoriales	Coleofasciculaceae	Geitlerinema	Geitlerinema sp. PCC 7407
WP_015171954.1	Bacteria	Cyanobacteria		Oscillatoriales	Coleofasciculaceae	Geitlerinema	Geitlerinema sp. PCC 7407
WP_071517483.1	Bacteria	Cyanobacteria		Oscillatoriales	Coleofasciculaceae	Geitlerinema	Geitlerinema sp. PCC 9228
WP_071518015.1	Bacteria	Cyanobacteria		Oscillatoriales	Coleofasciculaceae	Geitlerinema	Geitlerinema sp. PCC 9228
WP_012625841.1	Bacteria	Cyanobacteria		Oscillatoriales	Cyanothecaceae	Cyanothece	Cyanothece sp. PCC 7425
WP_041236215.1	Bacteria	Cyanobacteria		Oscillatoriales	Cyanothecaceae	Cyanothece	Cyanothece sp. PCC 7425
WP_069968624.1	Bacteria	Cyanobacteria		Oscillatoriales	Desertifilaceae	Desertifilum	
WP_015202681.1	Bacteria	Cyanobacteria		Oscillatoriales	Gomontiellaceae	Crinalium	Crinalium epipsammum
WP_035759058.1	Bacteria	Cyanobacteria		Oscillatoriales	Microcoleaceae	Arthrospira	Arthrospira platensis
WP_026097347.1	Bacteria	Cyanobacteria		Oscillatoriales	Microcoleaceae	Baaleninema	Baaleninema simplex
WP_006631319.1	Bacteria	Cyanobacteria		Oscillatoriales	Microcoleaceae	Microcoleus	Microcoleus vaginatus
WP_054469305.1	Bacteria	Cyanobacteria		Oscillatoriales	Microcoleaceae	Planktothricoides	Planktothricoides sp. SR001
WP_054467491.1	Bacteria	Cyanobacteria		Oscillatoriales	Microcoleaceae	Planktothricoides	
WP_054464588.1	Bacteria	Cyanobacteria		Oscillatoriales	Microcoleaceae	Planktothricoides	
WP_027248781.1	Bacteria	Cyanobacteria		Oscillatoriales	Microcoleaceae	Planktothrix	Planktothrix agardhii
WP_072722327.1	Bacteria	Cyanobacteria		Oscillatoriales	Microcoleaceae	Planktothrix	Planktothrix tepida
WP_072721526.1	Bacteria	Cyanobacteria		Oscillatoriales	Microcoleaceae	Planktothrix	Planktothrix tepida
WP_011613956.1	Bacteria	Cyanobacteria		Oscillatoriales	Microcoleaceae	Trichodesmium	Trichodesmium erythraeum
WP_046280117.1	Bacteria	Cyanobacteria		Oscillatoriales	Oscillatoriaceae	Limnoraphis	Limnoraphis robusta
WP_049559636.1	Bacteria	Cyanobacteria		Oscillatoriales	Oscillatoriaceae	Limnoraphis	Limnoraphis robusta
WP_023065061.1	Bacteria	Cyanobacteria		Oscillatoriales	Oscillatoriaceae	Lyngbya	Lyngbya aestuarii
WP_040483633.1	Bacteria	Cyanobacteria		Oscillatoriales	Oscillatoriaceae	Lyngbya	Lyngbya aestuarii
WP_009784627.1	Bacteria	Cyanobacteria		Oscillatoriales	Oscillatoriaceae	Lyngbya	Lyngbya sp. PCC 8106
WP_009786523.1	Bacteria	Cyanobacteria		Oscillatoriales	Oscillatoriaceae	Lyngbya	Lyngbya sp. PCC 8106
WP_039896123.1	Bacteria	Cyanobacteria		Oscillatoriales	Oscillatoriaceae	Lyngbya	Lyngbya sp. PCC 8106
WP_071106679.1	Bacteria	Cyanobacteria		Oscillatoriales	Oscillatoriaceae	Moorena	Moorena producens
WP_008190849.1	Bacteria	Cyanobacteria		Oscillatoriales	Oscillatoriaceae	Moorena	Moorena producens
WP_070396020.1	Bacteria	Cyanobacteria		Oscillatoriales	Oscillatoriaceae	Moorena	Moorena producens
WP_015151382.1	Bacteria	Cyanobacteria		Oscillatoriales	Oscillatoriaceae	Oscillatoria	Oscillatoria acuminata
WP_044195451.1	Bacteria	Cyanobacteria		Oscillatoriales	Oscillatoriaceae	Oscillatoria	Oscillatoria acuminata
WP_015176308.1	Bacteria	Cyanobacteria		Oscillatoriales	Oscillatoriaceae	Oscillatoria	Oscillatoria nigro-viridis
WP_015176307.1	Bacteria	Cyanobacteria		Oscillatoriales	Oscillatoriaceae	Oscillatoria	Oscillatoria nigro-viridis
WP_026098802.1	Bacteria	Cyanobacteria		Oscillatoriales	Oscillatoriaceae	Oscillatoria	Oscillatoria sp. PCC 10802
WP_015147792.1	Bacteria	Cyanobacteria		Oscillatoriales	Oscillatoriaceae	Oscillatoria	
WP_073595777.1	Bacteria	Cyanobacteria		Oscillatoriales	Oscillatoriaceae	Phormidium	Phormidium ambiguum
WP_073591980.1	Bacteria	Cyanobacteria		Oscillatoriales	Oscillatoriaceae	Phormidium	Phormidium ambiguum
WP_073595834.1	Bacteria	Cyanobacteria		Oscillatoriales	Oscillatoriaceae	Phormidium	Phormidium ambiguum
WP_068788002.1	Bacteria	Cyanobacteria		Oscillatoriales	Oscillatoriaceae	Phormidium	Phormidium willei
WP_073594531.1	Bacteria	Cyanobacteria		Oscillatoriales	Oscillatoriaceae	Phormidium	
WP_068788302.1	Bacteria	Cyanobacteria		Oscillatoriales	Oscillatoriaceae	Phormidium	
WP_058882775.1	Bacteria	Cyanobacteria		Oscillatoriales			Oscillatoriales cyanobacterium MTP1
WP_058883586.1	Bacteria	Cyanobacteria		Oscillatoriales			Oscillatoriales cyanobacterium MTP1
WP_018397387.1	Bacteria	Cyanobacteria		Oscillatoriales			filamentous cyanobacterium ESFC-1
WP_009768407.1	Bacteria	Cyanobacteria		Oscillatoriales			
WP_009767913.1	Bacteria	Cyanobacteria		Oscillatoriales			
WP_015191647.1	Bacteria	Cyanobacteria		Pleurocapsales	Dermocarpellaceae	Stanieria	Stanieria cyanosphaera
WP_015193210.1	Bacteria	Cyanobacteria		Pleurocapsales	Dermocarpellaceae	Stanieria	Stanieria cyanosphaera
WP_041620020.1	Bacteria	Cyanobacteria		Pleurocapsales	Dermocarpellaceae	Stanieria	Stanieria cyanosphaera
WP_036486163.1	Bacteria	Cyanobacteria		Pleurocapsales	Hyellaceae	Myxosarcina	Myxosarcina sp. GI1
WP_036487774.1	Bacteria	Cyanobacteria		Pleurocapsales	Hyellaceae	Myxosarcina	Myxosarcina sp. GI1
WP_036484802.1	Bacteria	Cyanobacteria		Pleurocapsales	Hyellaceae	Myxosarcina	Myxosarcina sp. GI1
WP_019504613.1	Bacteria	Cyanobacteria		Pleurocapsales	Hyellaceae	Pleurocapsa	Pleurocapsa sp. PCC 7319
WP_041393583.1	Bacteria	Cyanobacteria		Pleurocapsales	Hyellaceae	Pleurocapsa	Pleurocapsa sp. PCC 7327
WP_006510279.1	Bacteria	Cyanobacteria		Pleurocapsales	Xenococcaceae	Xenococcus	Xenococcus sp. PCC 7305
WP_006511480.1	Bacteria	Cyanobacteria		Pleurocapsales	Xenococcaceae	Xenococcus	Xenococcus sp. PCC 7305
WP_075599852.1	Bacteria	Cyanobacteria		Pseudanabaenales	Leptolyngbyaceae	Leptolyngbya	Leptolyngbya sp. 'hensonii'
WP_075598383.1	Bacteria	Cyanobacteria		Pseudanabaenales	Leptolyngbyaceae	Leptolyngbya	Leptolyngbya sp. 'hensonii'
WP_031292023.1	Bacteria	Cyanobacteria		Pseudanabaenales	Leptolyngbyaceae	Leptolyngbya	Leptolyngbya sp. Heron Island J
WP_068383805.1	Bacteria	Cyanobacteria		Pseudanabaenales	Leptolyngbyaceae	Leptolyngbya	Leptolyngbya sp. NIES-3755
WP_068392533.1	Bacteria	Cyanobacteria		Pseudanabaenales	Leptolyngbyaceae	Leptolyngbya	Leptolyngbya sp. NIES-3755
WP_068507875.1	Bacteria	Cyanobacteria		Pseudanabaenales	Leptolyngbyaceae	Leptolyngbya	Leptolyngbya sp. O-77
WP_027269287.1	Bacteria	Cyanobacteria		Pseudanabaenales	Leptolyngbyaceae	Leptolyngbya	Leptolyngbya sp. PCC 6406
WP_051188877.1	Bacteria	Cyanobacteria		Pseudanabaenales	Leptolyngbyaceae	Leptolyngbya	Leptolyngbya sp. PCC 7376
WP_039724623.1	Bacteria	Cyanobacteria		Pseudanabaenales	Leptolyngbyaceae	Leptolyngbya	
WP_036533360.1	Bacteria	Cyanobacteria		Pseudanabaenales	Leptolyngbyaceae	Neosynechococcus	Neosynechococcus sphagnicola
WP_073074650.1	Bacteria	Cyanobacteria		Pseudanabaenales	Leptolyngbyaceae	Phormidesmis	Phormidesmis priestleyi
WP_073069408.1	Bacteria	Cyanobacteria		Pseudanabaenales	Leptolyngbyaceae	Phormidesmis	Phormidesmis priestleyi
WP_068507005.1	Bacteria	Cyanobacteria		Pseudanabaenales	Oculatellaceae	Thermoleptolyngbya	
WP_016924760.1	Bacteria	Cyanobacteria		Pseudanabaenales	Prochlorotrichaceae	Prochlorothrix	Prochlorothrix hollandica
WP_019502458.1	Bacteria	Cyanobacteria		Pseudanabaenales	Pseudanabaenaceae	Pseudanabaena	Pseudanabaena sp. PCC 6802
WP_015163972.1	Bacteria	Cyanobacteria		Pseudanabaenales	Pseudanabaenaceae	Pseudanabaena	Pseudanabaena sp. PCC 7367
WP_024125951.1	Bacteria	Cyanobacteria		Pseudanabaenales	Thermosynechococcaceae	Thermosynechococcus	Thermosynechococcus sp. NK55a
WP_011056333.1	Bacteria	Cyanobacteria		Pseudanabaenales	Thermosynechococcaceae	Thermosynechococcus	
WP_011056401.1	Bacteria	Cyanobacteria		Pseudanabaenales	Thermosynechococcaceae	Thermosynechococcus	
WP_015133073.1	Bacteria	Cyanobacteria		Pseudanabaenales			
WP_072619351.1	Bacteria	Cyanobacteria		Spirulinales	Spirulinaceae	Spirulina	Spirulina major
WP_072620570.1	Bacteria	Cyanobacteria		Spirulinales	Spirulinaceae	Spirulina	Spirulina major
WP_017307164.1	Bacteria	Cyanobacteria		Spirulinales	Spirulinaceae	Spirulina	Spirulina subsalsa
WP_012163545.1	Bacteria	Cyanobacteria		Synechococcales	Acaryochloridaceae	Acaryochloris	Acaryochloris marina
WP_015158124.1	Bacteria	Cyanobacteria		Synechococcales	Chamaesiphonaceae	Chamaesiphon	
WP_028949245.1	Bacteria	Cyanobacteria		Synechococcales	Merismopediaceae	Synechocystis	Synechocystis sp. PCC 6714
WP_028947078.1	Bacteria	Cyanobacteria		Synechococcales	Merismopediaceae	Synechocystis	Synechocystis sp. PCC 6714
WP_009633154.1	Bacteria	Cyanobacteria		Synechococcales	Merismopediaceae	Synechocystis	Synechocystis sp. PCC 7509
WP_041425845.1	Bacteria	Cyanobacteria		Synechococcales	Merismopediaceae	Synechocystis	
WP_010872548.1	Bacteria	Cyanobacteria		Synechococcales	Merismopediaceae	Synechocystis	
WP_015110636.1	Bacteria	Cyanobacteria		Synechococcales	Prochlorococcaceae	Cyanobium	Cyanobium gracile
WP_012195949.1	Bacteria	Cyanobacteria		Synechococcales	Prochlorococcaceae	Prochlorococcus	Prochlorococcus marinus
WP_032518201.1	Bacteria	Cyanobacteria		Synechococcales	Prochlorococcaceae	Prochlorococcus	Prochlorococcus marinus
WP_011825217.1	Bacteria	Cyanobacteria		Synechococcales	Prochlorococcaceae	Prochlorococcus	Prochlorococcus marinus
WP_011130787.1	Bacteria	Cyanobacteria		Synechococcales	Prochlorococcaceae	Prochlorococcus	Prochlorococcus marinus
WP_036902244.1	Bacteria	Cyanobacteria		Synechococcales	Prochlorococcaceae	Prochlorococcus	Prochlorococcus sp. MIT 0601
WP_038653978.1	Bacteria	Cyanobacteria		Synechococcales	Prochlorococcaceae	Prochlorococcus	Prochlorococcus sp. MIT 0801
WP_063419518.1	Bacteria	Cyanobacteria		Synechococcales	Prochlorococcaceae	Prochlorococcus	
WP_015229366.1	Bacteria	Cyanobacteria		Synechococcales	Synechococcaceae	Dactylococcopsis	Dactylococcopsis salina
WP_074457088.1	Bacteria	Cyanobacteria		Synechococcales	Synechococcaceae	Synechococcus	Candidatus Synechococcus spongiarum
WP_025781541.1	Bacteria	Cyanobacteria		Synechococcales	Synechococcaceae	Synechococcus	Candidatus Synechococcus spongiarum
WP_011242647.1	Bacteria	Cyanobacteria		Synechococcales	Synechococcaceae	Synechococcus	Synechococcus elongatus
WP_010310802.1	Bacteria	Cyanobacteria		Synechococcales	Synechococcaceae	Synechococcus	Synechococcus sp. CB0101
WP_011620131.1	Bacteria	Cyanobacteria		Synechococcales	Synechococcaceae	Synechococcus	Synechococcus sp. CC9311
WP_028952718.1	Bacteria	Cyanobacteria		Synechococcales	Synechococcaceae	Synechococcus	Synechococcus sp. CC9616
WP_011359363.1	Bacteria	Cyanobacteria		Synechococcales	Synechococcaceae	Synechococcus	Synechococcus sp. CC9902
WP_048016432.1	Bacteria	Cyanobacteria		Synechococcales	Synechococcaceae	Synechococcus	Synechococcus sp. GFB01
WP_038546343.1	Bacteria	Cyanobacteria		Synechococcales	Synechococcaceae	Synechococcus	Synechococcus sp. KORDI-100
WP_038553313.1	Bacteria	Cyanobacteria		Synechococcales	Synechococcaceae	Synechococcus	Synechococcus sp. KORDI-52
WP_011936241.1	Bacteria	Cyanobacteria		Synechococcales	Synechococcaceae	Synechococcus	Synechococcus sp. Minos11
WP_024544676.1	Bacteria	Cyanobacteria		Synechococcales	Synechococcaceae	Synechococcus	Synechococcus sp. NKBG15041c
WP_015123057.1	Bacteria	Cyanobacteria		Synechococcales	Synechococcaceae	Synechococcus	Synechococcus sp. PCC 6312
WP_015125710.1	Bacteria	Cyanobacteria		Synechococcales	Synechococcaceae	Synechococcus	Synechococcus sp. PCC 6312
WP_065715225.1	Bacteria	Cyanobacteria		Synechococcales	Synechococcaceae	Synechococcus	Synechococcus sp. PCC 7003
WP_006454593.1	Bacteria	Cyanobacteria		Synechococcales	Synechococcaceae	Synechococcus	Synechococcus sp. PCC 7335
WP_017324096.1	Bacteria	Cyanobacteria		Synechococcales	Synechococcaceae	Synechococcus	Synechococcus sp. PCC 7336
WP_015167870.1	Bacteria	Cyanobacteria		Synechococcales	Synechococcaceae	Synechococcus	Synechococcus sp. PCC 7502
WP_015167967.1	Bacteria	Cyanobacteria		Synechococcales	Synechococcaceae	Synechococcus	Synechococcus sp. PCC 7502
WP_007098784.1	Bacteria	Cyanobacteria		Synechococcales	Synechococcaceae	Synechococcus	Synechococcus sp. RS9916
WP_006043361.1	Bacteria	Cyanobacteria		Synechococcales	Synechococcaceae	Synechococcus	Synechococcus sp. WH 7805
WP_049691742.1	Bacteria	Cyanobacteria		Synechococcales	Synechococcaceae	Synechococcus	Synechococcus sp. WH 8103
WP_043692576.1	Bacteria	Cyanobacteria		Synechococcales	Synechococcaceae	Synechococcus	
WP_038013503.1	Bacteria	Cyanobacteria		Synechococcales	Synechococcaceae	Synechococcus	
WP_067095928.1	Bacteria	Cyanobacteria		Synechococcales	Synechococcaceae	Synechococcus	
WP_007101689.1	Bacteria	Cyanobacteria		Synechococcales	Synechococcaceae	Synechococcus	
WP_037979872.1	Bacteria	Cyanobacteria		Synechococcales	Synechococcaceae	Synechococcus	
WP_010315420.1	Bacteria	Cyanobacteria		Synechococcales	Synechococcaceae	Synechococcus	
WP_071801162.1	Bacteria	Cyanobacteria		Synechococcales	Synechococcaceae	Synechococcus	
WP_036001394.1	Bacteria	Cyanobacteria					[Leptolyngbya] sp. JSC-1
WP_051925497.1	Bacteria	Cyanobacteria					[Leptolyngbya] sp. JSC-1
WP_073609295.1	Bacteria	Cyanobacteria					
WP_040335197.1	Bacteria	Nitrospirae	Nitrospira	Nitrospirales	Nitrospiraceae	Candidatus Magnetobacterium	Candidatus Magnetobacterium casensis
WP_051006251.1	Bacteria	Planctomycetes	Candidatus Brocadiia	Candidatus Brocadiales	Candidatus Brocadiaceae	Candidatus Jettenia	Candidatus Jettenia caeni
WP_014435474.1	Bacteria	Planctomycetes	Phycisphaerae	Phycisphaerales	Phycisphaeraceae	Phycisphaera	Phycisphaera mikurensis
WP_008708366.1	Bacteria	Planctomycetes	Planctomycetia	Pirellulales	Pirellulaceae	Rhodopirellula	Rhodopirellula maiorica
WP_008708367.1	Bacteria	Planctomycetes	Planctomycetia	Pirellulales	Pirellulaceae	Rhodopirellula	Rhodopirellula maiorica
WP_068139786.1	Bacteria	Planctomycetes	Planctomycetia	Pirellulales	Pirellulaceae	Roseimaritima	Roseimaritima ulvae
WP_068139784.1	Bacteria	Planctomycetes	Planctomycetia	Pirellulales	Pirellulaceae	Roseimaritima	Roseimaritima ulvae
WP_010583329.1	Bacteria	Planctomycetes	Planctomycetia	Planctomycetales	Planctomycetaceae	Schlesneria	Schlesneria paludicola
WP_010583328.1	Bacteria	Planctomycetes	Planctomycetia	Planctomycetales	Planctomycetaceae	Schlesneria	Schlesneria paludicola
WP_006274277.1	Bacteria	Proteobacteria	Alphaproteobacteria	Caulobacterales	Caulobacteraceae	Asticcacaulis	Asticcacaulis biprosthecium
WP_050808337.1	Bacteria	Proteobacteria	Alphaproteobacteria	Caulobacterales	Caulobacteraceae	Asticcacaulis	Asticcacaulis biprosthecium
WP_075220086.1	Bacteria	Proteobacteria	Alphaproteobacteria	Hyphomicrobiales	Amorphaceae	Acuticoccus	Acuticoccus yangtzensis
WP_042339000.1	Bacteria	Proteobacteria	Alphaproteobacteria	Hyphomicrobiales	Bradyrhizobiaceae	Bradyrhizobium	Bradyrhizobium oligotrophicum
WP_011926872.1	Bacteria	Proteobacteria	Alphaproteobacteria	Hyphomicrobiales	Bradyrhizobiaceae	Bradyrhizobium	Bradyrhizobium sp. ORS 278
WP_009031974.1	Bacteria	Proteobacteria	Alphaproteobacteria	Hyphomicrobiales	Bradyrhizobiaceae	Bradyrhizobium	Bradyrhizobium sp. ORS 375
WP_008962689.1	Bacteria	Proteobacteria	Alphaproteobacteria	Hyphomicrobiales	Bradyrhizobiaceae	Bradyrhizobium	Bradyrhizobium sp. STM 3809
WP_035982264.1	Bacteria	Proteobacteria	Alphaproteobacteria	Hyphomicrobiales	Bradyrhizobiaceae	Bradyrhizobium	Bradyrhizobium sp. STM 3843
WP_036042795.1	Bacteria	Proteobacteria	Alphaproteobacteria	Hyphomicrobiales	Bradyrhizobiaceae	Bradyrhizobium	Bradyrhizobium yuanmingense
WP_012044397.1	Bacteria	Proteobacteria	Alphaproteobacteria	Hyphomicrobiales	Bradyrhizobiaceae	Bradyrhizobium	
WP_011501167.1	Bacteria	Proteobacteria	Alphaproteobacteria	Hyphomicrobiales	Bradyrhizobiaceae	Rhodopseudomonas	Rhodopseudomonas pseudopalustris
WP_011155579.1	Bacteria	Proteobacteria	Alphaproteobacteria	Hyphomicrobiales	Bradyrhizobiaceae	Rhodopseudomonas	
WP_046144128.1	Bacteria	Proteobacteria	Alphaproteobacteria	Hyphomicrobiales	Devosiaceae	Devosia	Devosia soli
WP_010683590.1	Bacteria	Proteobacteria	Alphaproteobacteria	Hyphomicrobiales	Methylobacteriaceae	Methylobacterium	Methylobacterium mesophilicum
WP_051072166.1	Bacteria	Proteobacteria	Alphaproteobacteria	Hyphomicrobiales	Methylobacteriaceae	Methylobacterium	Methylobacterium mesophilicum
WP_012319920.1	Bacteria	Proteobacteria	Alphaproteobacteria	Hyphomicrobiales	Methylobacteriaceae	Methylobacterium	Methylobacterium radiotolerans
WP_060771349.1	Bacteria	Proteobacteria	Alphaproteobacteria	Hyphomicrobiales	Methylobacteriaceae	Methylobacterium	Methylobacterium sp. AMS5
WP_056199825.1	Bacteria	Proteobacteria	Alphaproteobacteria	Hyphomicrobiales	Methylobacteriaceae	Methylobacterium	Methylobacterium sp. Leaf123
WP_056464512.1	Bacteria	Proteobacteria	Alphaproteobacteria	Hyphomicrobiales	Methylobacteriaceae	Methylobacterium	Methylobacterium sp. Leaf90
WP_056092951.1	Bacteria	Proteobacteria	Alphaproteobacteria	Hyphomicrobiales	Methylobacteriaceae	Methylobacterium	Methylobacterium sp. Leaf99
WP_056092949.1	Bacteria	Proteobacteria	Alphaproteobacteria	Hyphomicrobiales	Methylobacteriaceae	Methylobacterium	Methylobacterium sp. Leaf99
WP_056528328.1	Bacteria	Proteobacteria	Alphaproteobacteria	Hyphomicrobiales	Methylobacteriaceae	Methylobacterium	
WP_066919423.1	Bacteria	Proteobacteria	Alphaproteobacteria	Hyphomicrobiales	Methylobacteriaceae	Methylobacterium	
WP_015824232.1	Bacteria	Proteobacteria	Alphaproteobacteria	Hyphomicrobiales	Methylobacteriaceae	Methylorubrum	Methylorubrum extorquens
WP_015952307.1	Bacteria	Proteobacteria	Alphaproteobacteria	Hyphomicrobiales	Methylobacteriaceae	Methylorubrum	Methylorubrum extorquens
WP_015824231.1	Bacteria	Proteobacteria	Alphaproteobacteria	Hyphomicrobiales	Methylobacteriaceae	Methylorubrum	Methylorubrum extorquens
WP_012456288.1	Bacteria	Proteobacteria	Alphaproteobacteria	Hyphomicrobiales	Methylobacteriaceae	Methylorubrum	Methylorubrum populi
WP_060771348.1	Bacteria	Proteobacteria	Alphaproteobacteria	Hyphomicrobiales	Methylobacteriaceae	Methylorubrum	Methylorubrum sp. Q1
WP_056499775.1	Bacteria	Proteobacteria	Alphaproteobacteria	Hyphomicrobiales	Methylobacteriaceae	Methylorubrum	
WP_029651315.1	Bacteria	Proteobacteria	Alphaproteobacteria	Hyphomicrobiales	Methylocystaceae	Methylocystis	
WP_072603809.1	Bacteria	Proteobacteria	Alphaproteobacteria	Hyphomicrobiales	Phyllobacteriaceae	Mesorhizobium	Mesorhizobium oceanicum
WP_026789636.1	Bacteria	Proteobacteria	Alphaproteobacteria	Hyphomicrobiales	Pleomorphomonadaceae	Pleomorphomonas	Pleomorphomonas oryzae
WP_073630736.1	Bacteria	Proteobacteria	Alphaproteobacteria	Hyphomicrobiales	Pseudoxanthobacteraceae	Pseudoxanthobacter	Pseudoxanthobacter soli
WP_060637791.1	Bacteria	Proteobacteria	Alphaproteobacteria	Hyphomicrobiales	Rhizobiaceae	Rhizobium	Rhizobium sp. Root483D2
WP_011910255.1	Bacteria	Proteobacteria	Alphaproteobacteria	Rhodobacterales	Rhodobacteraceae	Cereibacter	
WP_069333443.1	Bacteria	Proteobacteria	Alphaproteobacteria	Rhodobacterales	Rhodobacteraceae	Cereibacter	
WP_008385880.1	Bacteria	Proteobacteria	Alphaproteobacteria	Rhodobacterales	Rhodobacteraceae	Rhodovulum	Rhodovulum sp. PH10
WP_068248866.1	Bacteria	Proteobacteria	Alphaproteobacteria	Rhodobacterales	Rhodobacteraceae	Tritonibacter	Tritonibacter horizontis
WP_026440490.1	Bacteria	Proteobacteria	Alphaproteobacteria	Rhodospirillales	Acetobacteraceae	Acidocella	Acidocella facilis
WP_052213697.1	Bacteria	Proteobacteria	Alphaproteobacteria	Rhodospirillales	Acetobacteraceae	Belnapia	Belnapia sp. F-4-1
WP_044437372.1	Bacteria	Proteobacteria	Alphaproteobacteria	Rhodospirillales	Azospirillaceae	Skermanella	Skermanella aerolata
WP_014413715.1	Bacteria	Proteobacteria	Alphaproteobacteria	Rhodospirillales	Rhodospirillaceae	Pararhodospirillum	Pararhodospirillum photometricum
WP_011391042.1	Bacteria	Proteobacteria	Alphaproteobacteria	Rhodospirillales	Rhodospirillaceae	Rhodospirillum	Rhodospirillum rubrum
WP_011390296.1	Bacteria	Proteobacteria	Alphaproteobacteria	Rhodospirillales	Rhodospirillaceae	Rhodospirillum	Rhodospirillum rubrum
WP_056376994.1	Bacteria	Proteobacteria	Alphaproteobacteria	Sphingomonadales	Sphingomonadaceae	Sphingomonas	Sphingomonas sp. Root710
WP_062170750.1	Bacteria	Proteobacteria	Betaproteobacteria	Burkholderiales	Burkholderiaceae	Burkholderia	Burkholderia sp. PAMC 26561
WP_062002894.1	Bacteria	Proteobacteria	Betaproteobacteria	Burkholderiales	Burkholderiaceae	Burkholderia	Burkholderia sp. PAMC 28687
WP_075359023.1	Bacteria	Proteobacteria	Betaproteobacteria	Burkholderiales	Burkholderiaceae	Caballeronia	Caballeronia sordidicola
WP_051888647.1	Bacteria	Proteobacteria	Betaproteobacteria	Burkholderiales	Burkholderiaceae	Caballeronia	Caballeronia sordidicola
WP_007857159.1	Bacteria	Proteobacteria	Betaproteobacteria	Burkholderiales	Comamonadaceae	Acidovorax	Acidovorax sp. CF316
WP_007857158.1	Bacteria	Proteobacteria	Betaproteobacteria	Burkholderiales	Comamonadaceae	Acidovorax	Acidovorax sp. CF316
WP_057202896.1	Bacteria	Proteobacteria	Betaproteobacteria	Burkholderiales	Comamonadaceae	Acidovorax	Acidovorax sp. Root217
WP_063896294.1	Bacteria	Proteobacteria	Betaproteobacteria	Burkholderiales	Oxalobacteraceae	Janthinobacterium	
WP_052212250.1	Bacteria	Proteobacteria	Betaproteobacteria	Burkholderiales		Methylibium	Methylibium sp. CF468
WP_047589366.1	Bacteria	Proteobacteria	Betaproteobacteria	Burkholderiales		Methylibium	Methylibium sp. YR605
WP_073468320.1	Bacteria	Proteobacteria	Betaproteobacteria	Burkholderiales		Rhizobacter	Rhizobacter sp. OV335
WP_056467675.1	Bacteria	Proteobacteria	Betaproteobacteria	Burkholderiales		Rhizobacter	Rhizobacter sp. Root404
WP_014430149.1	Bacteria	Proteobacteria	Betaproteobacteria	Burkholderiales		Rubrivivax	Rubrivivax gelatinosus
WP_069037413.1	Bacteria	Proteobacteria	Betaproteobacteria	Nitrosomonadales	Sterolibacteriaceae	Methyloversatilis	Methyloversatilis sp. RAC08
WP_053420275.1	Bacteria	Proteobacteria	Betaproteobacteria	Rhodocyclales	Zoogloeaceae	Azoarcus	Azoarcus sp. PA01
WP_035239289.1	Bacteria	Proteobacteria	Deltaproteobacteria	Desulfobacterales	Desulfobacteraceae	Desulfobacter	Desulfobacter vibrioformis
WP_008870990.1	Bacteria	Proteobacteria	Deltaproteobacteria	Desulfovibrionales	Desulfohalobiaceae	Desulfonatronospira	Desulfonatronospira thiodismutans
WP_008870989.1	Bacteria	Proteobacteria	Deltaproteobacteria	Desulfovibrionales	Desulfohalobiaceae	Desulfonatronospira	Desulfonatronospira thiodismutans
WP_020887657.1	Bacteria	Proteobacteria	Deltaproteobacteria	Desulfovibrionales	Desulfovibrionaceae	Desulfohalovibrio	Desulfohalovibrio alkalitolerans
WP_040371238.1	Bacteria	Proteobacteria	Deltaproteobacteria	Desulfovibrionales	Desulfovibrionaceae	Desulfohalovibrio	Desulfohalovibrio alkalitolerans
WP_029893598.1	Bacteria	Proteobacteria	Deltaproteobacteria	Desulfovibrionales	Desulfovibrionaceae	Desulfohalovibrio	Desulfohalovibrio reitneri
WP_029893361.1	Bacteria	Proteobacteria	Deltaproteobacteria	Desulfovibrionales	Desulfovibrionaceae	Desulfohalovibrio	Desulfohalovibrio reitneri
WP_021761161.1	Bacteria	Proteobacteria	Deltaproteobacteria	Desulfovibrionales	Desulfovibrionaceae	Desulfovibrio	Desulfovibrio gigas
WP_021761162.1	Bacteria	Proteobacteria	Deltaproteobacteria	Desulfovibrionales	Desulfovibrionaceae	Desulfovibrio	Desulfovibrio gigas
WP_075353937.1	Bacteria	Proteobacteria	Deltaproteobacteria	Desulfovibrionales	Desulfovibrionaceae	Desulfovibrio	Desulfovibrio sp. DV
WP_020879449.1	Bacteria	Proteobacteria	Deltaproteobacteria	Desulfovibrionales	Desulfovibrionaceae	Desulfovibrio	Desulfovibrio sp. X2
WP_012648637.1	Bacteria	Proteobacteria	Deltaproteobacteria	Desulfuromonadales	Geobacteraceae	Geobacter	Geobacter daltonii
WP_012648638.1	Bacteria	Proteobacteria	Deltaproteobacteria	Desulfuromonadales	Geobacteraceae	Geobacter	Geobacter daltonii
WP_012828223.1	Bacteria	Proteobacteria	Deltaproteobacteria	Myxococcales	Kofleriaceae	Haliangium	Haliangium ochraceum
WP_014812073.1	Bacteria	Proteobacteria	Deltaproteobacteria	Syntrophobacterales	Syntrophaceae	Desulfomonile	Desulfomonile tiedjei
WP_006423275.1	Bacteria	Proteobacteria	Deltaproteobacteria				delta proteobacterium NaphS2
WP_075161891.1	Bacteria	Proteobacteria	Deltaproteobacteria				delta proteobacterium PSCGC 5296
WP_070375889.1	Bacteria	Proteobacteria	Gammaproteobacteria	Alteromonadales	Colwelliaceae	Colwellia	Colwellia sp. PAMC 20917
WP_012969925.1	Bacteria	Proteobacteria	Gammaproteobacteria	Chromatiales	Chromatiaceae	Allochromatium	Allochromatium vinosum
WP_012969926.1	Bacteria	Proteobacteria	Gammaproteobacteria	Chromatiales	Chromatiaceae	Allochromatium	Allochromatium vinosum
WP_026199367.1	Bacteria	Proteobacteria	Gammaproteobacteria	Chromatiales	Chromatiaceae	Lamprocystis	Lamprocystis purpurea
WP_007191622.1	Bacteria	Proteobacteria	Gammaproteobacteria	Chromatiales	Chromatiaceae	Thiocapsa	Thiocapsa marina
WP_014776860.1	Bacteria	Proteobacteria	Gammaproteobacteria	Chromatiales	Chromatiaceae	Thiocystis	Thiocystis violascens
WP_015279925.1	Bacteria	Proteobacteria	Gammaproteobacteria	Chromatiales	Chromatiaceae	Thioflavicoccus	Thioflavicoccus mobilis
WP_040856488.1	Bacteria	Proteobacteria	Gammaproteobacteria	Chromatiales	Chromatiaceae	Thiorhodovibrio	Thiorhodovibrio sp. 970
WP_011629357.1	Bacteria	Proteobacteria	Gammaproteobacteria	Chromatiales	Ectothiorhodospiraceae	Alkalilimnicola	Alkalilimnicola ehrlichii
WP_063464542.1	Bacteria	Proteobacteria	Gammaproteobacteria	Chromatiales	Ectothiorhodospiraceae	Ectothiorhodospira	Ectothiorhodospira sp. BSL-9
WP_008931837.1	Bacteria	Proteobacteria	Gammaproteobacteria	Chromatiales	Ectothiorhodospiraceae	Ectothiorhodospira	Ectothiorhodospira sp. PHS-1
WP_008932114.1	Bacteria	Proteobacteria	Gammaproteobacteria	Chromatiales	Ectothiorhodospiraceae	Ectothiorhodospira	
WP_025281441.1	Bacteria	Proteobacteria	Gammaproteobacteria	Chromatiales	Ectothiorhodospiraceae	Ectothiorhodospira	
WP_011815013.1	Bacteria	Proteobacteria	Gammaproteobacteria	Chromatiales	Ectothiorhodospiraceae	Halorhodospira	Halorhodospira halophila
WP_029681135.1	Bacteria	Proteobacteria	Gammaproteobacteria	Chromatiales	Ectothiorhodospiraceae	Thioalkalivibrio	Thioalkalivibrio sp. AKL19
WP_028491191.1	Bacteria	Proteobacteria	Gammaproteobacteria	Chromatiales	Ectothiorhodospiraceae	Thioalkalivibrio	Thioalkalivibrio sp. ALE19
WP_051080957.1	Bacteria	Proteobacteria	Gammaproteobacteria	Chromatiales	Ectothiorhodospiraceae	Thioalkalivibrio	Thioalkalivibrio sp. ALSr1
WP_058501894.1	Bacteria	Proteobacteria	Gammaproteobacteria	Legionellales	Legionellaceae	Legionella	Legionella israelensis
WP_058448151.1	Bacteria	Proteobacteria	Gammaproteobacteria	Legionellales	Legionellaceae	Legionella	Legionella jamestowniensis
WP_058528930.1	Bacteria	Proteobacteria	Gammaproteobacteria	Legionellales	Legionellaceae	Legionella	Legionella londiniensis
WP_058452467.1	Bacteria	Proteobacteria	Gammaproteobacteria	Legionellales	Legionellaceae	Legionella	Legionella maceachernii
WP_035889383.1	Bacteria	Proteobacteria	Gammaproteobacteria	Legionellales	Legionellaceae	Legionella	Legionella norrlandica
WP_027265801.1	Bacteria	Proteobacteria	Gammaproteobacteria	Legionellales	Legionellaceae	Legionella	Legionella pneumophila
WP_061466837.1	Bacteria	Proteobacteria	Gammaproteobacteria	Legionellales	Legionellaceae	Legionella	Legionella pneumophila
WP_029345864.1	Bacteria	Proteobacteria	Gammaproteobacteria	Legionellales	Legionellaceae	Legionella	Legionella pneumophila
WP_042236452.1	Bacteria	Proteobacteria	Gammaproteobacteria	Legionellales	Legionellaceae	Legionella	Legionella pneumophila
WP_027227697.1	Bacteria	Proteobacteria	Gammaproteobacteria	Legionellales	Legionellaceae	Legionella	Legionella pneumophila
WP_027221353.1	Bacteria	Proteobacteria	Gammaproteobacteria	Legionellales	Legionellaceae	Legionella	Legionella pneumophila
WP_027271937.1	Bacteria	Proteobacteria	Gammaproteobacteria	Legionellales	Legionellaceae	Legionella	Legionella sainthelensi
WP_027158349.1	Bacteria	Proteobacteria	Gammaproteobacteria	Methylococcales	Methylococcaceae	Methylobacter	Methylobacter luteus
WP_036295438.1	Bacteria	Proteobacteria	Gammaproteobacteria	Methylococcales	Methylococcaceae	Methylobacter	Methylobacter whittenburyi
WP_014148177.1	Bacteria	Proteobacteria	Gammaproteobacteria	Methylococcales	Methylococcaceae	Methylotuvimicrobium	Methylotuvimicrobium alcaliphilum
WP_063572427.1	Bacteria	Proteobacteria	Gammaproteobacteria	Xanthomonadales	Rhodanobacteraceae	Luteibacter	Luteibacter rhizovicinus
WP_063572426.1	Bacteria	Proteobacteria	Gammaproteobacteria	Xanthomonadales	Rhodanobacteraceae	Luteibacter	
WP_057955425.1	Bacteria	Proteobacteria	Gammaproteobacteria				endosymbiont of Ridgeia piscesae
WP_007360307.1	Bacteria	Verrucomicrobia	Opitutae	Opitutales	Opitutaceae		Opitutaceae bacterium TAV1
WP_007360306.1	Bacteria	Verrucomicrobia	Opitutae	Opitutales	Opitutaceae		Opitutaceae bacterium TAV1
WP_009507518.1	Bacteria	Verrucomicrobia	Opitutae	Opitutales	Opitutaceae		Opitutaceae bacterium TAV5
WP_009507517.1	Bacteria	Verrucomicrobia	Opitutae	Opitutales	Opitutaceae		Opitutaceae bacterium TAV5
WP_075078510.1	Bacteria	Verrucomicrobia	Terrimicrobia	Terrimicrobiales	Terrimicrobiaceae	Terrimicrobium	Terrimicrobium sacchariphilum